genome,gtdb_classification,checkm_ompleteness,checkm_contamination,genome_size_bp,pathway_found,site_generated,previously_reported,3000m1000m,3000m150m,3000m2000m,3000m3000m,3000m500m,3000m50m,3500m1000m,3500m150m,3500m2000m,3500m3000m,3500m500m,3500m50m,4000m1000m,4000m150m,4000m2000m,4000m3000m,4000m500m,4000m50m,4500m1000m,4500m150m,4500m2000m,4500m3000m,4500m4000m,4500m500m,4500m50m,500m150m,500m500m,500m50m
R3000m1000m.189,d__Bacteria;p__Proteobacteria;c__Gammaproteobacteria;o__Enterobacterales;f__Alteromonadaceae;g__Pseudoalteromonas;s__Pseudoalteromonas distincta,69.98,0.86,4352940,CBB,"OC3,1000m",no,23.091513,0.07049766,0.55024177,0.113002926,0.03982891,0.07748994,0.028595684,0.03712442,0.031774033,0.027745556,0.028667202,0.05370365,0.035027362,0.026201254,0.024827667,0.015048078,0.016256943,0.022139093,0.016474724,0.041789167,0.023246683,0.020859633,0.019310715,0.024173403,0.061044056,0.033183377,0.055322934,0.098849036
R3000m1000m.77,d__Bacteria;p__Proteobacteria;c__Alphaproteobacteria;o__GCA-2731375;f__GCA-2731375;g__GCA-2731375;s__,98.63,1.09,4584118,3HP bi-cycle,"OC3,1000m",no,13.156677,18.838306,5.169654,0.6427518,16.439104,0.022237718,9.700967,14.711475,2.413299,0.49413815,6.7195973,0.008073551,10.727235,2.842593,2.7823482,0.31076723,11.336667,0.005886195,11.1272335,1.9819586,3.5721104,0.6003244,0.48959,19.546448,0.017543541,7.4767,4.541137,3.1182168
R3000m150m.175,d__Archaea;p__Thermoplasmatota;c__Poseidoniia;o__Poseidoniales;f__Poseidoniaceae;g__MGIIa-K1;s__,52.8,1.87,1221486,3HP/4HB,"OC3,150m",no,0.006372428,7.4594526,0.008140063,0.13973,0.016089262,0.023865653,0.007735983,1.1519908,0.00501747,0.02259151,0.016645517,0.027198883,0.004756968,1.2355813,0.002246513,0.002171715,0.006307087,0.011744113,0.005019189,0.39493835,0.00336762,0.002475205,0.002757201,0.009380674,0.014589868,1.5035249,0.19071974,5.709342
R3000m150m.182,d__Bacteria;p__Myxococcota_A;c__UBA9160;o__UBA9160;f__;g__;s__,82.94,3,3254034,3HP bi-cycle,"OC3,150m",no,0.8014107,10.770341,0.5776781,0.3275849,4.555511,0.035989985,0.46781847,8.274714,0.407338,0.1759907,1.3490252,0.010349847,0.96315324,4.1497974,0.5452287,0.1171968,1.6141636,0.006001539,0.6440026,3.9475431,0.64342105,0.18471202,0.10908397,4.440313,0.020291358,4.441737,1.1743305,0.9516647
R3000m150m.184,d__Bacteria;p__Planctomycetota;c__GCA-002687715;o__GCA-002687715;f__;g__;s__,93.18,2.27,2933040,3HP/4HB,"OC3,150m",no,0.59388393,10.335782,0.43979552,0.21944897,1.2792104,0.009664184,0.48157686,2.8328116,0.1961183,0.14739408,0.67640615,0.002427462,0.5390339,0.685277,0.15774739,0.087019496,0.89252347,0.002319404,0.47279352,0.18682429,0.19392543,0.16367905,0.18668312,1.339608,0.004968559,4.5342574,0.98872435,1.9637066
R3000m150m.211,d__Archaea;p__Thermoplasmatota;c__Poseidoniia;o__Poseidoniales;f__Poseidoniaceae;g__UBA60;s__,86.13,0.8,1973414,3HP/4HB,"OC3,150m",no,0.024636662,28.521212,0.034402654,0.03900524,0.026192479,0.018902715,0.036319587,10.06872,0.020920781,0.035749055,0.035403773,0.012690173,0.01858808,3.6424026,0.011844844,0.015857482,0.009174007,0.008713289,0.015639381,1.111339,0.022831587,0.02189074,0.031358443,0.015059654,0.008642803,9.565397,0.38349763,7.2847524
R3000m150m.25,d__Bacteria;p__Proteobacteria;c__Gammaproteobacteria;o__Pseudomonadales;f__Pseudohongiellaceae;g__UBA9145;s__UBA9145 sp012960305,85.12,1.42,2756055,3HP bi-cycle,"OC3,150m",no,0.8432992,13.550247,0.5173874,0.17876391,2.1481478,0.2568595,1.2478365,12.680798,0.41451868,0.285301,0.7408345,0.28994316,0.96990556,2.1668053,0.3680633,0.17451985,1.2192196,0.12845267,0.52111006,0.9505822,0.2661574,0.24633722,0.20662202,1.3453823,0.40034893,10.815182,2.0523016,2.5135553
R3000m150m.274,d__Bacteria;p__Actinobacteriota;c__Acidimicrobiia;o__Acidimicrobiales;f__MedAcidi-G1;g__MedAcidi-G1;s__,50.76,2.99,1172407,3HP bi-cycle,"OC3,150m",no,0.09718968,37.983383,0.12093205,0.063020706,0.56211895,0.54775155,0.110867046,25.841238,0.102054484,0.09130474,0.5177452,0.40850878,0.115736224,7.079548,0.12104122,0.06945326,0.20706978,0.16974524,0.09893734,18.831472,0.07539934,0.12046479,0.09471535,0.41464788,0.40175745,13.548582,1.1616061,8.587817
R3000m150m.285,d__Archaea;p__Thermoplasmatota;c__Poseidoniia;o__Poseidoniales;f__Thalassarchaeaceae;g__MGIIb-P;s__,74.76,1.86,1716738,3HP/4HB,"OC3,150m",no,0.017087286,16.14842,0.012016666,0.012502643,0.04319248,0.0744626,0.01782316,17.912403,0.009426991,0.014043473,0.036282476,0.023742586,0.013672832,33.54315,0.010303432,0.006904597,0.024408778,0.023386365,0.011282595,36.678658,0.010400147,0.014620758,0.028223908,0.06956378,0.043648418,7.0871787,0.09281319,4.035997
R3000m150m.313,d__Bacteria;p__Proteobacteria;c__Gammaproteobacteria;o__Arenicellales;f__UBA868;g__UBA868;s__,54.34,1.78,1451896,CBB,"OC3,150m","Jaffe et al., 2024",0.06707915,10.955667,0.073897846,0.07146254,0.77603066,0.13703948,0.07388262,4.4319544,0.04350335,0.052834924,0.4439482,0.01644607,0.059573144,2.4613671,0.04009437,0.038099147,0.22946198,0.00484305,0.046709336,3.2541695,0.033047292,0.038611725,0.034124654,0.40014544,0.020538738,3.0388162,0.6084241,1.2848359
R3000m2000m.134,d__Bacteria;p__Proteobacteria;c__Alphaproteobacteria;o__Rhodospirillales;f__Casp-alpha2;g__Casp-alpha2;s__Casp-alpha2 sp002938075,90.59,3.92,2675982,3HP bi-cycle,"OC3,2000m",no,28.810837,0.15346865,43.10525,19.733278,3.7783146,0.014596827,16.211988,0.07197965,32.0361,39.016933,3.703316,0.007137219,22.989649,0.030106196,34.11022,38.748005,1.9444658,0.005702619,27.182959,0.054461684,70.04851,72.381775,68.913315,5.907121,0.021982571,0.1664266,0.9837458,0.017970387
R3000m2000m.22,d__Bacteria;p__Myxococcota_A;c__UBA9160;o__UBA9160;f__UBA4427;g__DUBZ01;s__,91.37,1.97,4860238,3HP bi-cycle,"OC3,2000m",no,3.172836,0.03305062,10.881207,0.8689448,0.5093364,0.015391446,3.193209,0.03520357,3.4739482,1.4922822,0.21790268,0.019633448,3.4432948,0.026720196,4.404561,0.58676744,0.16259395,0.009122406,2.6331103,0.020720014,5.4253635,0.6584379,0.09724715,0.34533235,0.039313562,0.049867693,0.21768343,0.017734006
R3000m2000m.241,d__Archaea;p__Thermoplasmatota;c__Poseidoniia;o__Poseidoniales;f__Thalassarchaeaceae;g__Thalassarchaeum;s__,55.61,0.12,990397,3HP/4HB,"OC3,2000m",no,20.774696,46.541378,15.282362,0.22293103,17.591003,0.025751038,20.490084,53.771225,8.26325,0.50729483,10.611166,0.017277768,18.171076,47.44556,6.037192,0.34950736,12.120602,0.012637448,17.933332,33.880783,8.331997,0.60392696,0.33973712,24.788853,0.0275138,34.05639,7.7527423,5.474318
R3000m2000m.276,d__Bacteria;p__Myxococcota_A;c__UBA9160;o__UBA9160;f__SMWR01;g__JABSQX01;s__,54.03,2.9,2611858,"3HP bicycle, CBB","OC3,2000m","Jaffe et al., 2024",0.9312539,0.41639388,7.201874,0.7145456,1.0474654,0.00876214,0.4854139,0.32079518,3.7108645,1.9294745,0.49496782,0.002170822,1.1232235,0.051771328,5.796513,2.4218576,0.5220236,0.001041312,1.00411,0.033784512,7.651888,5.2137613,0.20686461,1.3579866,0.004384728,0.40716717,0.192713,0.033319946
R3000m2000m.282,d__Bacteria;p__Actinobacteriota;c__Acidimicrobiia;o__Acidimicrobiales;f__MedAcidi-G1;g__UBA3125;s__UBA3125 sp015658775,96.58,1.71,2084170,3HP bi-cycle,"OC3,2000m",no,3.998761,0.23460412,55.315887,39.388744,1.0439988,0.035023257,2.7423353,0.15823528,41.191128,58.450768,0.52379715,0.038513772,4.807375,0.061916977,65.75421,76.99613,0.24288127,0.022299714,3.556111,0.13051686,89.67193,97.85192,65.143974,0.57972336,0.09950294,0.14579391,0.2631434,0.123122975
R3000m2000m.79,d__Archaea;p__Thermoplasmatota;c__Poseidoniia;o__Poseidoniales;f__Poseidoniaceae;g__UBA60;s__UBA60 sp002503395,80.93,1.66,2001643,3HP/4HB,"OC3,2000m",no,0.7725296,0.15018548,17.703362,11.835892,0.42234492,0.010157388,0.6641671,0.08022559,7.3001833,15.283967,0.47286773,0.014555585,0.6061026,0.039323222,6.0308824,5.773737,0.16610819,0.00677074,0.56321955,0.041045923,9.582211,8.122809,5.19397,0.3188542,0.014985238,0.110290065,0.16100548,0.0340366
R3000m3000m.111,d__Archaea;p__Thermoplasmatota;c__Poseidoniia;o__Poseidoniales;f__Thalassarchaeaceae;g__;s__,79.02,1.09,1801428,3HP/4HB,"OC3,3000m",no,0.070838146,0.056155205,0.38557824,33.221855,0.026229808,0.017027194,0.06480229,0.06300902,0.093353055,8.816215,0.037625577,0.011780323,0.061534993,0.09394039,0.08278206,1.2379729,0.01995424,0.008954386,0.046864543,0.15425356,0.121652186,1.0221616,19.609335,0.035447758,0.028334918,0.05221991,0.01851145,0.02611961
R3000m3000m.119,d__Bacteria;p__Proteobacteria;c__Gammaproteobacteria;o__Pseudomonadales;f__Pseudohongiellaceae;g__UBA9145;s__,75.19,0.12,2591050,3HP bi-cycle,"OC3,3000m",no,0.28725412,0.07279872,5.3896074,65.02983,0.11368343,0.041514423,0.1784572,0.059062038,1.6432796,31.494991,0.06986434,0.055360723,0.22150393,0.035441577,1.7201353,20.330198,0.050391044,0.017681723,0.13663687,0.08231517,2.1763477,21.911388,91.783966,0.06434347,0.07556441,0.064412266,0.10895942,0.18650198
R3000m3000m.132,d__Archaea;p__Thermoproteota;c__Nitrososphaeria;o__Nitrososphaerales;f__Nitrosopumilaceae;g__Nitrosopelagicus;s__Nitrosopelagicus sp012964965,77.1,0.97,846553,3HP/4HB,"OC3,3000m",no,161.39337,27.016205,276.2672,75.99737,191.0223,0.06822143,206.7012,21.853754,303.76843,172.44133,131.40433,0.021527993,227.36307,7.324979,298.33493,159.97298,67.09103,0.01688229,150.61316,2.6221952,374.67285,229.26855,66.62838,92.78671,0.024436986,24.864656,57.02263,2.7509942
R3000m3000m.135,d__Bacteria;p__Planctomycetota;c__GCA-002687715;o__GCA-002687715;f__;g__;s__,72.23,2.25,2493369,3HP/4HB,"OC3,3000m",no,1.1567385,0.14969878,2.2214196,6.8657846,0.7567237,0.017876782,0.93891084,0.11443735,0.9492087,3.1137538,0.6480034,0.012819818,1.0293529,0.050174914,0.97147727,1.7781936,0.37145728,0.004705919,0.9679353,0.025492668,1.5855238,3.4780176,2.9226418,0.6837754,0.02064818,0.15006746,0.23929474,0.15125874
R3000m3000m.16,d__Bacteria;p__Hydrogenedentota;c__Hydrogenedentia;o__Hydrogenedentiales;f__GCA-2746185;g__DTSJ01;s__,94.03,2.85,4630505,3HP bi-cycle,"OC3,3000m",no,0.07861303,0.013984827,2.625814,15.076901,0.01699404,0.010627692,0.07430232,0.014048384,0.41762808,5.7712154,0.018159898,0.011769742,0.06146632,0.006893803,0.29596153,1.1587938,0.008155759,0.005124268,0.03288862,0.013584487,0.35503697,1.2162639,3.3398855,0.011543909,0.021130454,0.009958055,0.015078392,0.012449207
R3000m3000m.18,d__Bacteria;p__Proteobacteria;c__Alphaproteobacteria;o__Rhodobacterales;f__Rhodobacteraceae;g__UBA3077;s__,98.1,1.55,2891558,"3HP bicycle, CBB","OC3,3000m","Jaffe et al., 2024",0.008138483,0.015618458,0.26897296,62.737667,0.012023918,0.026771426,0.004777909,0.010551043,0.030679425,8.518382,0.003885089,0.021202406,0.006827022,0.007248439,0.02089832,0.5505898,0.003028023,0.016103748,0.004616493,0.013775888,0.03830485,1.0046519,0.9927568,0.005375668,0.05550761,0.006303549,0.00384864,0.017366957
R3000m3000m.195,d__Archaea;p__Thermoplasmatota;c__Poseidoniia;o__Poseidoniales;f__Poseidoniaceae;g__PSPT01;s__,75.2,0.27,1771340,3HP/4HB,"OC3,3000m",no,0.012560787,0.0156565,0.02539573,8.899929,0.008303531,0.018110579,0.017518794,0.013896215,0.008145877,0.73477674,0.010052223,0.023896853,0.008942265,0.009205409,0.007117064,0.021978334,0.004719786,0.016204232,0.008551606,0.015419437,0.004964963,0.008271653,0.0247228,0.005673249,0.042122774,0.01183859,0.019601343,0.014450325
R3000m3000m.210,d__Bacteria;p__Proteobacteria;c__Gammaproteobacteria;o__Pseudomonadales;f__HTCC2089;g__GCA-002726655;s__,92.96,3.15,4132272,3HP bi-cycle,"OC3,3000m",no,0.0335967,0.04332373,0.7529632,32.65421,0.018795528,0.014732337,0.029108139,0.018865332,0.08036289,8.792991,0.014068712,0.009659893,0.023527432,0.006306137,0.06736597,1.5209515,0.006894868,0.004906901,0.015409051,0.009489503,0.08808984,1.4823815,0.90612346,0.009199137,0.014588608,0.018346405,0.014402705,0.024530627
R3000m3000m.22,d__Bacteria;p__Desulfobacterota_B;c__Binatia;o__UBA12015;f__UBA12015;g__UBA12015;s__,90.97,0,3044945,3HP bi-cycle,"OC3,3000m",no,0.05443812,0.011251255,0.30564195,15.579474,0.03350708,0.015021791,0.04661046,0.010711052,0.044065107,4.32898,0.017338265,0.0084734,0.0644919,0.007151915,0.038143653,1.0163215,0.013457248,0.005258567,0.024067713,0.016475193,0.033463217,0.6041188,0.48910213,0.017852744,0.018294338,0.005920134,0.011986367,0.010226585
R3000m3000m.23,d__Bacteria;p__Proteobacteria;c__Alphaproteobacteria;o__UBA7887;f__UBA7887;g__MarineAlpha9-Bin7;s__MarineAlpha9-Bin7 sp002937585,91.1,0.16,2265969,3HP bi-cycle,"OC3,3000m",no,3.8864868,0.02601672,18.35246,9.336639,0.347447,0.015346745,1.9583914,0.033328187,18.93679,19.696457,0.43033838,0.011384678,3.1452787,0.015746687,24.780333,23.578028,0.1257562,0.009494293,2.540854,0.037201427,35.435856,36.73509,19.658697,0.1742257,0.023838904,0.02253841,0.10064733,0.007411224
R3000m3000m.234,d__Archaea;p__Thermoplasmatota;c__Poseidoniia;o__Poseidoniales;f__Poseidoniaceae;g__MGIIa-K1;s__,87.2,1.6,1955171,3HP/4HB,"OC3,3000m",no,0.039084237,0.8838525,0.1567669,23.074234,0.05322262,0.058357503,0.040107317,0.1927737,0.029483007,2.7756417,0.036886726,0.07314647,0.022911502,0.2067792,0.018257372,0.08488005,0.017197864,0.025503574,0.018733507,0.09941915,0.024491783,0.051011253,0.11000446,0.019509794,0.054099467,0.29255712,0.5641006,0.8582119
R3000m3000m.25,d__Bacteria;p__Myxococcota_A;c__UBA9160;o__UBA9160;f__UBA4427;g__DUBZ01;s__DUBZ01 sp012960035,70.34,4.19,3106168,3HP bi-cycle,"OC3,3000m",no,0.21311493,0.02278976,0.86646354,7.027634,0.4479442,0.008381208,0.17880648,0.03166174,0.2808734,1.9051737,0.19305111,0.00896687,0.17850278,0.024288261,0.34141955,0.6747232,0.20210879,0.002440934,0.122025274,0.01699403,0.50436085,1.3019187,1.3678546,0.5473579,0.006983717,0.022975117,0.102809675,0.01337055
R3000m3000m.264,d__Bacteria;p__Proteobacteria;c__Gammaproteobacteria;o__PS1;f__Thioglobaceae;g__DUCF01;s__,74.84,0.86,1134037,"3HP bicycle, CBB","OC3,3000m","Jaffe et al., 2024",0.29611787,0.16333956,2.0371695,77.25592,0.11978921,0.06628216,0.39708328,0.081571296,0.432113,37.992897,0.11138408,0.050933044,0.29327795,0.049256135,0.24117117,3.1518214,0.056343377,0.024289642,0.14682475,0.041868072,0.34593266,2.0150483,37.674675,0.07000753,0.04139177,0.099206135,0.11454988,0.07930707
R3000m3000m.269,d__Archaea;p__Thermoplasmatota;c__Poseidoniia;o__Poseidoniales;f__Thalassarchaeaceae;g__MGIIb-Q1;s__,61.38,2.52,1628798,3HP/4HB,"OC3,3000m",no,0.24261552,0.17412198,0.6135729,10.269976,0.20197798,0.013957066,0.26539806,0.2629172,0.22519712,3.313789,0.08553087,0.01550656,0.1591993,0.08035082,0.09935101,0.39385745,0.14932363,0.007921211,0.13990135,0.066048205,0.12487405,0.36586905,2.6989262,0.26937222,0.007290176,1.1908841,0.10865895,0.05952793
R3000m3000m.38,d__Bacteria;p__Hydrogenedentota;c__Hydrogenedentia;o__Hydrogenedentiales;f__GCA-2746185;g__DTSJ01;s__DTSJ01 sp012965445,95.6,1.28,4249761,3HP bi-cycle,"OC3,3000m",no,5.0591135,0.25820446,16.322504,12.814881,0.8402531,0.003028233,3.7151973,0.09428825,3.0320728,14.936397,0.81298685,0.002474834,3.8980455,0.024160437,3.564198,5.0234275,0.3782396,0.001351618,2.625698,0.005628926,3.084298,6.123153,3.1290352,0.3736456,0.002786983,0.36730078,0.49125636,0.022658931
R3000m3000m.46,d__Bacteria;p__Myxococcota_A;c__UBA9160;o__UBA9160;f__;g__;s__,87.2,3.66,3945381,3HP bi-cycle,"OC3,3000m",no,1.8381113,0.120223075,7.4469166,10.388768,0.5815985,0.005237352,1.9437006,0.023417508,1.5137005,4.674908,0.38410443,0.0039004,1.6671565,0.009514193,1.9678121,2.1309707,0.15594122,0.002204721,1.1943614,0.013842876,2.4921212,2.0496926,1.8160273,0.2581722,0.008153274,0.03194488,0.431058,0.07839955
R3000m3000m.60,d__Archaea;p__Thermoplasmatota;c__Poseidoniia;o__Poseidoniales;f__Poseidoniaceae;g__MGIIa-K1;s__MGIIa-K1 sp004195515,86.13,1.6,1834982,3HP/4HB,"OC3,3000m",no,0.08018394,0.020208718,0.48727205,18.846254,0.013335304,0.014372936,0.18390904,0.011687561,0.030404096,3.3756094,0.008926059,0.01759616,0.04013941,0.01464379,0.009734761,0.18460245,0.00558258,0.006580493,0.013220012,0.014644894,0.011090688,0.07678419,2.9408197,0.00504749,0.009978034,0.014194205,0.17576355,0.035279475
R3000m3000m.65,d__Bacteria;p__Proteobacteria;c__Gammaproteobacteria;o__Enterobacterales;f__Alteromonadaceae;g__Pseudoalteromonas;s__Pseudoalteromonas marina,99.12,0.96,4119726,CBB,"OC3,3000m",no,27.847395,0.102071196,42.342186,15.402117,2.5282733,0.8827307,0.04812674,0.020692436,0.018657697,0.03367688,0.012172308,0.022805018,0.032411333,0.009731989,0.061874516,0.012026377,0.00534869,0.013577932,0.021835724,0.011133708,0.008921316,0.04183389,0.008725358,0.029138865,0.024065444,0.01814938,0.916769,0.566433
R3000m3000m.67,d__Bacteria;p__Proteobacteria;c__Gammaproteobacteria;o__Pseudomonadales;f__HTCC2089;g__UBA9926;s__,75.08,2.35,2866514,3HP bi-cycle,"OC3,3000m",no,3.2438905,0.87001264,6.3845615,7.315219,0.7329383,0.008008461,2.4959753,0.33699596,2.578701,6.213591,0.48807722,0.00692388,2.3249276,0.06772874,1.900813,3.0172486,0.23555435,0.004347772,1.5698757,0.044051442,2.5814443,5.0851116,0.29924563,0.2876208,0.014358259,0.5453689,0.49998075,0.16851488
R3000m3000m.72,d__Bacteria;p__Planctomycetota;c__UBA1135;o__UBA1135;f__UBA1135;g__GCA-2746235;s__,93.01,1.14,2055335,3HP/4HB,"OC3,3000m",no,0.043130465,0.12370496,0.110382676,14.951052,0.04769024,0.014333873,0.04228264,0.031184178,0.024301736,2.0395868,0.029463938,0.018163847,0.03510513,0.013093116,0.014057002,0.19249201,0.025094975,0.010805361,0.03135581,0.021000918,0.031389743,0.28925094,5.883107,0.02505219,0.028359402,0.13853848,0.051772002,0.120086454
R3000m500m.167,d__Bacteria;p__Actinobacteriota;c__Acidimicrobiia;o__Acidimicrobiales;f__MedAcidi-G1;g__UBA9410;s__UBA9410 sp014237715,65.7,2.56,1437510,3HP bi-cycle,"OC3,500m",no,0.81977785,520.0825,0.38742188,0.40718892,26.345839,1.3394786,0.8562199,285.27002,0.22595124,0.2969872,7.584097,0.034913976,0.7669312,75.67097,0.2664137,0.2059903,9.30873,0.05648799,0.6483484,133.67091,0.32264578,0.27775928,0.41667783,15.63638,0.044255123,178.21162,23.433613,138.46074
R3000m500m.228,d__Archaea;p__Thermoplasmatota;c__Poseidoniia;o__Poseidoniales;f__Thalassarchaeaceae;g__MGIIb-O1;s__MGIIb-O1 sp8684u,71.6,2.92,1327132,3HP/4HB,"OC3,500m",no,0.6959675,313.54346,0.3385466,0.24878122,26.40698,1.3710684,0.9420609,191.9984,0.192241,0.26982406,18.241747,0.2958122,0.5951193,122.21459,0.15832964,0.15428889,21.415163,0.08003543,0.5622926,136.9084,0.22700384,0.22591919,0.46875,44.15809,0.07356803,224.02179,39.41668,95.35112
R3000m500m.64,d__Archaea;p__Thermoproteota;c__Nitrososphaeria;o__Nitrososphaerales;f__Nitrosopumilaceae;g__Nitrosopumilus;s__Nitrosopumilus sp002730325,69.42,1.94,733121,3HP/4HB,"OC3,500m",no,4.2762923,15.826577,0.9113713,2.2507298,21.025644,0.4239205,20.482918,13.752834,0.5201928,0.99444664,14.080858,0.049988676,9.876714,2.8521314,0.3831621,0.39586818,7.2823462,0.029067928,3.677275,0.74547803,0.36865136,0.45234984,1.201938,5.675411,0.02307992,19.48994,33.875954,6.6451716
R3000m500m.74,d__Bacteria;p__SAR324;c__SAR324;o__SAR324;f__NAC60-12;g__UBA8110;s__UBA8110 sp002707655,88.32,0.84,3353437,3HP bi-cycle,"OC3,500m",no,16.834362,10.3530855,21.206207,6.987297,20.079523,0.04602185,11.181102,11.629012,9.880974,10.918323,11.967733,0.026258184,14.23636,4.991171,12.742285,9.162273,13.873234,0.018625608,14.081092,3.155878,19.473745,18.139256,0.6678925,25.493845,0.07020361,7.361096,6.7229023,1.873738
R3000m50m.123,d__Bacteria;p__Actinobacteriota;c__Acidimicrobiia;o__Acidimicrobiales;f__UBA11606;g__UBA11606;s__,96.58,2.56,3226153,3HP bi-cycle,"OC3,50m",no,0.018006723,0.12981617,0.023346407,0.017072208,0.025674153,17.92159,0.014171454,0.05381612,0.021535454,0.018491527,0.012379137,5.7522454,0.017766029,0.04153016,0.016968166,0.014322393,0.007614944,0.23634495,0.014261521,0.07388195,0.02239947,0.017613538,0.014912482,0.013770505,0.22506213,0.04448899,0.025619803,2.0788682
R3000m50m.162,d__Bacteria;p__Actinobacteriota;c__Acidimicrobiia;o__Acidimicrobiales;f__UBA11606;g__UBA11606;s__UBA11606 sp002729125,95.73,3.94,2753005,3HP bi-cycle,"OC3,50m",no,0.02855882,0.06644412,0.03502905,0.024853645,0.03961648,15.929865,0.024766847,0.06316048,0.028051954,0.027885318,0.027194602,5.9962983,0.02951432,0.035472192,0.029063854,0.023097558,0.019372607,0.7558628,0.029406648,0.063101515,0.039570335,0.045452032,0.04281882,0.0315297,3.138254,0.04199443,0.04857343,0.6130148
R3000m50m.18,d__Archaea;p__Thermoplasmatota;c__Poseidoniia;o__Poseidoniales;f__Poseidoniaceae;g__MGIIa-L2;s__MGIIa-L2 sp016777125,54.28,0.93,1495270,3HP/4HB,"OC3,50m",no,0.003634872,0.033090364,0.003323863,0.002389457,0.005375417,11.311499,0.0030363,0.019652857,0.006958734,0.006947011,0.00286528,12.82604,0.00149298,0.021985076,0.001268171,0.00289976,0.001397815,0.8599619,0.001163352,0.03205045,0.002012247,0.001605384,0.002003283,0.00255703,0.4110122,0.019417703,0.01805161,3.148805
R3000m50m.213,d__Archaea;p__Thermoplasmatota;c__Poseidoniia;o__Poseidoniales;f__Poseidoniaceae;g__MGIIa-L1;s__,84.34,0.27,2046958,3HP/4HB,"OC3,50m",no,0.009261534,0.040992763,0.013073055,0.024372017,0.015140453,17.716751,0.009785753,0.027223043,0.018313281,0.043135334,0.005792451,43.973465,0.003791869,0.026085189,0.005893659,0.012155303,0.002002056,8.822335,0.004844238,0.0310326,0.004665404,0.009187347,0.012797434,0.003895534,7.506161,0.03191252,0.046045806,3.6709073
R3000m50m.275,d__Bacteria;p__Actinobacteriota;c__Acidimicrobiia;o__Acidimicrobiales;f__UBA8592;g__UBA8592;s__UBA8592 sp002703045,91.03,2.14,2079866,3HP bi-cycle,"OC3,50m",no,0.009535627,0.14196669,0.015728524,0.042541143,0.027820354,10.100178,0.009021928,0.099607915,0.012196045,0.009841879,0.02156601,2.5290046,0.011496038,0.2489291,0.01595465,0.032772016,0.010410635,3.5713146,0.0253546,3.4660408,0.051584207,0.0656512,0.06233108,0.026843589,7.1985407,0.02701515,0.01854133,0.43503946
R3000m50m.337,d__Bacteria;p__Actinobacteriota;c__Acidimicrobiia;o__Acidimicrobiales;f__TK06;g__MedAcidi-G3;s__MedAcidi-G3 sp000817105,95.3,1.71,2544507,3HP bi-cycle,"OC3,50m",no,0.021660207,0.19892482,0.017418241,0.012761309,0.024484605,79.17911,0.016497597,0.119417995,0.019930717,0.013109832,0.019183539,21.213253,0.022459505,0.4601308,0.02417865,0.047706805,0.010296178,17.53579,0.020529494,6.3766456,0.06875749,0.03809136,0.10478039,0.024557412,29.561363,0.03270794,0.020527903,0.76556474
R3000m50m.56,d__Bacteria;p__Proteobacteria;c__Alphaproteobacteria;o__MPNO01;f__UBA2964;g__WLWZ01;s__WLWZ01 sp905182615,76.03,4.64,2500402,3HP bi-cycle,"OC3,50m",no,0.00578174,0.031916797,0.006280052,0.005613565,0.010216424,8.206953,0.005484327,0.032546833,0.004053597,0.005010455,0.006262241,0.4091768,0.005671143,0.03746533,0.005017911,0.004877075,0.005952815,0.036223073,0.004567235,0.12052431,0.007721138,0.010387912,0.011999658,0.012519924,0.039923336,0.012921722,0.007227797,0.7981734
R3000m50m.83,d__Bacteria;p__Actinobacteriota;c__Acidimicrobiia;o__Acidimicrobiales;f__UBA8592;g__UBA8592;s__,94.87,3.42,2102399,3HP bi-cycle,"OC3,50m",no,0.005069118,0.09348022,0.007460184,0.005140386,0.014046976,28.853313,0.006432299,0.05737507,0.009351896,0.01075382,0.008621997,15.018975,0.008217348,0.029249547,0.011626734,0.0203817,0.004393267,8.722053,0.026229983,0.10621041,0.0231932,0.02707372,0.039822087,0.011975421,14.876244,0.028649747,0.021787928,3.3963306
R3000m50m.89,d__Archaea;p__Thermoplasmatota;c__Poseidoniia;o__Poseidoniales;f__Thalassarchaeaceae;g__MGIIb-O3;s__MGIIb-O3 sp002731195,79.73,1.6,1460403,3HP/4HB,"OC3,50m",no,0.23182058,0.34338167,0.18857853,0.036392324,0.1621475,68.011536,0.20282444,0.29255068,0.1598615,0.07255391,0.17057927,118.33044,0.19060962,0.64020455,0.1049345,0.05393564,0.095601186,17.141584,0.1974932,1.1077421,0.19603345,0.09341466,0.074383266,0.24164233,3.7917054,0.13366535,0.10787266,8.954876
R3500m1000m.12,d__Bacteria;p__Proteobacteria;c__Gammaproteobacteria;o__Burkholderiales;f__Methylophilaceae;g__BACL14;s__,91.22,0.98,1113490,3HP bi-cycle,"OC4,1000m",no,10.285152,1.9444221,9.402186,12.8992,10.533238,1.4130186,22.137758,4.086108,6.856846,7.6381125,6.216409,1.158219,18.853367,2.8658128,5.071296,3.2193592,5.331779,0.50405693,11.443459,1.3159758,6.5491076,4.2245593,1.4360653,7.2803683,1.1191261,2.2225275,4.221873,1.2918158
R3500m1000m.173,d__Bacteria;p__Proteobacteria;c__Alphaproteobacteria;o__UBA7887;f__UBA7887;g__MarineAlpha9-Bin7;s__,63.98,1.87,1577233,"3HP bicycle, CBB","OC4,1000m",no,18.05249,0.033007726,1.932568,0.2051716,3.6584194,0.021667905,9.509862,0.026560957,1.8302737,0.5627321,4.907882,0.018816883,15.912671,0.01519397,2.0322332,0.6312057,1.0597131,0.013707833,13.342017,0.027075108,2.164852,0.9810996,0.4964238,1.4561921,0.02360326,0.023026165,1.0198842,0.010302243
R3500m1000m.2,d__Bacteria;p__Myxococcota_A;c__UBA9160;o__UBA9160;f__UBA4427;g__JAZXM01;s__,88.06,1.34,3905352,3HP bi-cycle,"OC4,1000m",no,6.1328588,3.987067,1.5498685,0.10312042,8.855886,0.011942213,10.538873,0.23547328,0.41277006,0.08774368,5.717026,0.007060518,11.272776,0.027257258,0.3852755,0.06982056,3.0662203,0.005504783,7.51947,0.031326793,0.39783525,0.12334814,0.055856816,3.567525,0.017246008,1.257933,9.492278,0.5190472
R3500m1000m.200,d__Archaea;p__Thermoplasmatota;c__Poseidoniia;o__Poseidoniales;f__Thalassarchaeaceae;g__Thalassarchaeum;s__Thalassarchaeum sp002507125,66.09,1.66,1114444,3HP/4HB,"OC4,1000m",no,725.21826,7.2556148,879.1933,56.712654,210.64316,0.11543646,576.2875,4.549082,590.0038,191.58548,300.97293,0.19178388,629.4317,2.6712377,538.24457,142.17276,104.302414,0.09698288,646.35693,3.164486,945.4996,267.7383,4.2218437,321.87817,0.1621561,11.934508,82.4027,0.46931943
R3500m1000m.51,d__Bacteria;p__Actinobacteriota;c__Acidimicrobiia;o__Acidimicrobiales;f__MedAcidi-G1;g__UBA9410;s__,89.32,4.13,1905693,3HP bi-cycle,"OC4,1000m",no,23.298141,75.96799,1.3957715,0.53087395,469.02637,0.19618082,22.780645,53.52873,0.772745,0.45806226,215.15059,0.053336065,24.376972,21.669497,0.9150502,0.37035275,118.89814,0.033507183,21.366037,32.737858,1.0487837,0.5094978,0.3126604,315.68164,0.11178578,57.619724,120.24256,6.520551
R3500m1000m.82,d__Archaea;p__Thermoplasmatota;c__Poseidoniia;o__Poseidoniales;f__Poseidoniaceae;g__MGIIa-L1;s__MGIIa-L1 sp012959845,55.1,0.06,1210547,3HP/4HB,"OC4,1000m",no,3.0438335,0.89066523,3.8382308,17.36762,2.2253652,0.013124764,7.346077,0.27639866,0.37978172,3.3439982,2.7899485,0.01854817,1.603368,0.23917368,0.09237486,0.12084019,0.5265288,0.011356956,0.9977583,0.074000195,0.13698697,0.050013077,0.14238967,0.14962663,0.01259822,0.5042741,8.208588,1.1714756
R3500m150m.116,d__Bacteria;p__Chloroflexota;c__Dehalococcoidia;o__UBA2979;f__UBA2979;g__UBA2979;s__,62.81,2.57,1347629,3HP bi-cycle,"OC4,150m",no,0.010563448,9.576166,0.001403763,0.00058845,0.04639772,4.712383,0.014355078,9.639298,0.001425442,0.001062307,0.026121752,0.58105236,0.010595194,8.084796,0.001452542,0.001463382,0.019162558,0.11228242,0.008532522,34.850304,0.002397159,0.003162918,0.025925085,0.04603768,0.1494136,0.6764889,0.078405514,9.460766
R3500m150m.150,d__Bacteria;p__Proteobacteria;c__Gammaproteobacteria;o__Pseudomonadales;f__Pseudohongiellaceae;g__UBA9145;s__,90.8,3.32,3223524,3HP bi-cycle,"OC4,150m",no,0.28045583,43.095364,0.23924482,0.18462043,0.39154148,9.0512705,0.17618671,25.56776,0.19306834,0.15044308,0.2548293,1.053467,0.28454298,5.332661,0.1447902,0.08975961,0.16711168,0.23327823,0.17222266,20.712513,0.17334843,0.14333272,0.10779795,0.22397122,0.4522584,8.440107,0.5585149,17.72272
R3500m150m.195,d__Bacteria;p__Proteobacteria;c__Gammaproteobacteria;o__Pseudomonadales;f__HTCC2089;g__UBA9926;s__UBA9926 sp002697205,92.35,1.32,4530026,3HP bi-cycle,"OC4,150m",no,2.3374233,82.35546,2.7832568,0.5948878,12.603756,0.09455932,2.0882363,27.691893,1.3765271,0.74336666,9.842243,0.022511728,1.6401889,4.790216,0.99353445,0.3139764,4.7052445,0.022018267,1.1105841,4.091298,1.2916778,0.45499992,0.08775753,7.3208923,0.05220982,35.979584,11.543065,13.412244
R3500m150m.202,d__Bacteria;p__Marinisomatota;c__Marinisomatia;o__SCGC-AAA003-L08;f__GCA-002707645;g__GCA-002707645;s__,62.64,1.1,1080240,CBB,"OC4,150m",no,0.0619972,4.060289,0.12001521,0.036669202,0.2054931,0.31718272,0.16182064,22.506695,0.12887424,0.06747152,0.26278234,0.22240818,0.115165435,9.901083,0.08311123,0.04210126,0.1387898,0.22375304,0.05990759,0.48704535,0.08432931,0.048607707,0.033345543,0.14075452,0.11736962,9.813604,0.32801586,12.133835
R3500m150m.214,d__Bacteria;p__Actinobacteriota;c__Acidimicrobiia;o__Acidimicrobiales;f__TK06;g__MedAcidi-G3;s__,96.58,2.14,2398339,3HP bi-cycle,"OC4,150m",no,0.024214232,45.753117,0.030075144,0.016013483,0.10944111,0.1520669,0.023444902,23.28483,0.01630261,0.010211235,0.065590076,0.038476188,0.021743238,3.7779856,0.01997998,0.007070219,0.026011014,0.013457008,0.017620027,20.481346,0.020751406,0.013123882,0.02117462,0.0635599,0.026477808,7.9362445,0.29183918,8.6952305
R3500m150m.221,d__Bacteria;p__Actinobacteriota;c__Acidimicrobiia;o__Acidimicrobiales;f__MedAcidi-G1;g__;s__,51.17,3.41,1130070,3HP bi-cycle,"OC4,150m",no,23.856428,5.0698504,5.836322,0.91420096,26.96705,0.00630426,16.38236,10.020368,7.4097986,1.0698197,16.776987,0.002965227,26.856173,1.560297,9.508623,0.9662882,5.6511846,0.001690544,20.88892,1.9059435,9.2607355,1.2199931,0.76333976,15.628678,0.006027643,6.258068,6.265445,0.22362089
R3500m150m.53,d__Archaea;p__Thermoplasmatota;c__Poseidoniia;o__Poseidoniales;f__Thalassarchaeaceae;g__MGIIb-O1;s__MGIIb-O1 sp002457595,80,0,1250822,3HP/4HB,"OC4,150m",no,0.13357252,100.84165,0.09927432,0.01691984,0.31448635,0.23986019,0.14595827,75.064705,0.068074584,0.036030844,0.27409753,0.06555231,0.12072662,48.39046,0.055659615,0.019853566,0.22771059,0.031743467,0.11237098,70.73367,0.09986918,0.039846715,0.04792318,0.4849467,0.021190986,28.16443,0.9632112,60.89552
R3500m2000m.102,d__Bacteria;p__SAR324;c__SAR324;o__SAR324;f__NAC60-12;g__Arctic96AD-7;s__Arctic96AD-7 sp002082305,85.54,0.26,2663446,CBB,"OC4,2000m",no,494.59937,157.99129,533.565,206.93106,307.01312,2.10763,388.6862,176.92921,458.5522,398.944,318.21872,0.42798454,420.47244,102.51809,467.26556,273.2226,183.39656,0.09263364,400.11725,149.494,637.5212,471.85092,181.80331,330.55478,0.21127151,132.17157,146.13249,24.563683
R3500m2000m.12,d__Bacteria;p__Proteobacteria;c__Gammaproteobacteria;o__Pseudomonadales;f__HTCC2089;g__UBA9659;s__UBA9659 sp012961165,90.06,2.59,3494447,3HP bi-cycle,"OC4,2000m",no,41.300392,38.967873,101.05974,68.93294,8.485198,0.22054377,38.68898,12.61319,41.69562,59.945408,5.6310973,0.0375268,30.342207,1.7287747,34.685307,24.242054,2.9110336,0.020381624,20.02832,1.2804753,36.62336,25.476116,11.095447,3.0244188,0.050341155,14.923829,6.4524364,10.938025
R3500m2000m.39,d__Archaea;p__Thermoplasmatota;c__Poseidoniia;o__Poseidoniales;f__Thalassarchaeaceae;g__Thalassarchaeum;s__Thalassarchaeum sp004195715,66.05,0.8,1131816,3HP/4HB,"OC4,2000m",no,166.47795,42.205185,61.39005,0.37660444,110.54972,0.03166525,174.39684,48.350914,33.597015,1.0659429,80.43462,0.019093594,141.77374,34.302708,21.567738,0.6347528,71.59984,0.011738595,140.60236,32.399086,28.690163,1.1350192,0.32715797,149.9298,0.028035417,41.1172,46.10424,4.4048867
R3500m2000m.44,d__Bacteria;p__Proteobacteria;c__Alphaproteobacteria;o__Rhizobiales_B;f__MED-G09;g__GCA-002731945;s__GCA-002731945 sp002731945,86.47,0,1484771,3HP bi-cycle,"OC4,2000m",no,13.205495,2.8333862,40.48119,15.421021,10.903614,1.8272744,19.521465,3.7186708,37.48989,48.859158,17.668537,1.4881405,18.091335,1.7378826,26.423496,29.486418,5.785935,0.94806814,13.728699,0.89389724,41.541416,36.889175,3.127978,9.9055195,3.1670058,2.5037394,7.0635304,0.61765444
R3500m2000m.54,d__Archaea;p__Thermoproteota;c__Nitrososphaeria;o__Nitrososphaerales;f__Nitrosopumilaceae;g__Nitrosopelagicus;s__,61.17,0,646077,3HP/4HB,"OC4,2000m",no,38.14905,242.86462,22.509907,3.195876,416.42667,0.21763085,61.691414,173.23563,25.222328,6.6472874,183.72449,0.041577242,62.299023,81.891136,21.99643,5.8155003,177.30536,0.042324502,35.48959,26.102472,23.038177,7.6718163,4.641073,168.55354,0.043774407,166.63155,154.94559,30.552294
R3500m3000m.134,d__Bacteria;p__Actinobacteriota;c__Acidimicrobiia;o__Acidimicrobiales;f__TK06;g__UBA2110;s__,96.35,2.14,2259146,3HP bi-cycle,"OC4,3000m",no,0.6434915,1.2131203,7.592749,10.239283,2.715449,0.013161143,0.61128306,1.1637201,2.7067077,12.959663,1.0259247,0.00622116,0.64314485,0.3202475,2.883713,10.619418,0.8470305,0.00480051,0.45926857,0.33442268,4.558484,12.085542,3.6333985,2.0850346,0.01300548,1.4439523,0.85853213,0.12514873
R3500m3000m.162,d__Bacteria;p__JAAXHH01;c__JAAXHH01;o__JAAXHH01;f__JAAXHH01;g__;s__,93.34,0,5728306,3HP bi-cycle,"OC4,3000m",no,12.375476,1.3330833,12.473393,8.075351,9.0554695,0.03284437,6.288206,3.637856,14.810539,15.691926,3.9735978,0.03202732,10.844823,0.7092498,12.196709,11.983653,5.759683,0.019136865,8.783504,0.3587328,14.284995,21.68286,29.729069,8.768394,0.06571748,2.3716202,1.886841,0.15071967
R3500m3000m.173,d__Bacteria;p__Proteobacteria;c__Gammaproteobacteria;o__GCA-002705445;f__GCA-002716945;g__;s__,81.94,0.57,1036372,3HP bi-cycle,"OC4,3000m",no,5.075586,7.7979035,14.266973,9.911109,8.443441,0.86240304,11.761767,15.093224,20.669611,20.865498,11.522152,1.0248833,9.454949,7.818218,11.678624,12.241705,6.89347,0.83199155,5.074589,1.8924831,15.970337,12.292861,4.425037,4.8344684,1.9074366,10.174515,6.3533754,3.141459
R3500m3000m.36,d__Bacteria;p__Proteobacteria;c__Gammaproteobacteria;o__Burkholderiales;f__Methylophilaceae;g__BACL14;s__,90.41,1.09,1046380,"3HP bicycle, CBB","OC4,3000m","Jaffe et al., 2024",0.10986275,0.13514005,2.0843627,42.60835,0.2027788,0.2616272,0.20715944,0.11002826,0.9213022,15.575252,0.14761417,0.24758223,0.1530653,0.07176097,0.82131284,3.646446,0.10429548,0.12598288,0.09192977,0.057270758,1.3851081,4.8702683,4.5743947,0.12776864,0.17015815,0.111562364,0.3735409,0.13825858
R3500m3000m.57,d__Bacteria;p__Actinobacteriota;c__Acidimicrobiia;o__Acidimicrobiales;f__MedAcidi-G1;g__UBA9410;s__,77.77,0.43,1500082,3HP bi-cycle,"OC4,3000m",no,82.973236,5.5730767,334.82678,107.786064,39.325912,0.024805132,65.308754,4.6239424,194.35194,138.52141,9.9712105,0.008115192,81.254715,1.3291289,255.07648,129.7796,10.480695,0.004472833,63.056942,1.0426255,329.01028,176.1366,32.030506,20.172726,0.016299931,4.83741,7.231404,0.74857837
R3500m500m.112,d__Bacteria;p__Actinobacteriota;c__Acidimicrobiia;o__Acidimicrobiales;f__TK06;g__UBA2110;s__UBA2110 sp012960315,93.59,4,1838063,3HP bi-cycle,"OC4,500m",no,5.892818,5.838133,0.5083956,0.15122047,44.67257,0.04567808,6.5059214,5.111724,0.17988671,0.17699349,15.00438,0.010456448,5.39323,1.1120944,0.13784695,0.15696314,13.587628,0.0022729,4.2811937,0.88070214,0.14107057,0.17799966,0.06019526,31.103493,0.007930203,7.318611,12.716409,0.6029133
R3500m500m.39,d__Bacteria;p__Actinobacteriota;c__Acidimicrobiia;o__Acidimicrobiales;f__MedAcidi-G1;g__S20-B6;s__S20-B6 sp002699725,93.16,1.71,2244832,3HP bi-cycle,"OC4,500m",no,76.68815,83.715,63.872536,3.9659848,206.82626,0.27401257,52.143105,37.754654,42.571316,4.298752,76.12416,0.07904651,79.53895,7.564715,54.81638,3.9841878,59.172073,0.05030717,58.078865,9.115637,46.018974,6.1576085,1.6724997,56.76268,0.18438001,53.52817,83.12279,8.077359
R3500m50m.152,d__Archaea;p__Thermoplasmatota;c__Poseidoniia;o__Poseidoniales;f__Poseidoniaceae;g__MGIIa-L1;s__,61.83,3.2,1418957,3HP/4HB,"OC4,50m",no,0.001735234,0.025114004,0.006269232,0.005518291,0.008166577,1.4597789,0.006504765,0.021765664,0.009174132,0.008207286,0.006886415,18.304335,0.004723006,0.01584973,0.003791054,0.00806553,0.003574422,6.5847507,0.002393852,0.0196844,0.005486305,0.003575149,0.009468547,0.004383519,2.7056267,0.016552692,0.00655129,0.15070802
R3500m50m.180,d__Archaea;p__Thermoplasmatota;c__Poseidoniia;o__Poseidoniales;f__Poseidoniaceae;g__Poseidonia;s__Poseidonia sp002726495,61.01,1.2,1517801,3HP/4HB,"OC4,50m",no,0.001497863,0.017291391,0.001574431,0.004744485,0.002888393,4.4597945,0.002291573,0.010140482,0.002579386,0.003720387,0.002026319,8.672055,0.002372926,0.009009736,0.001891641,0.003682787,0.00100769,4.964305,0.003025806,0.010663469,0.001178601,0.001599042,0.004810798,0.001545034,1.390508,0.005283196,0.004518199,0.40833265
R3500m50m.187,d__Bacteria;p__Cyanobacteria;c__Cyanobacteriia;o__PCC-6307;f__Cyanobiaceae;g__Synechococcus_E;s__Synechococcus_E sp000012505,54.52,2.61,985746,CBB,"OC4,50m",no,0.110826395,0.18176232,0.07573279,0.1289776,0.059143975,4.080137,0.060142968,0.12572928,0.10219651,0.13616651,0.051599346,17.795124,0.05445787,0.033368267,0.04288958,0.11453907,0.011813246,10.920078,0.04038997,0.057726428,0.043214414,0.09114901,0.042496588,0.018301371,25.100645,0.109630376,0.09636869,1.7363288
R3500m50m.198,d__Archaea;p__Thermoplasmatota;c__Poseidoniia;o__Poseidoniales;f__Poseidoniaceae;g__MGIIa-K1;s__,80.48,1.12,1752206,3HP/4HB,"OC4,50m",no,0.00491489,0.023235196,0.004251111,0.008579419,0.005190344,20.073885,0.004462819,0.016832504,0.003628854,0.006976407,0.00418678,14.522094,0.003814245,0.017564123,0.003056893,0.003747575,0.001990753,2.9810047,0.003435276,0.026413148,0.003714239,0.004332402,0.009517483,0.005014896,3.3415422,0.010432152,0.00754252,0.19923785
R3500m50m.211,d__Archaea;p__Thermoplasmatota;c__Poseidoniia;o__Poseidoniales;f__Poseidoniaceae;g__MGIIa-L1;s__,79.07,1.6,1973951,3HP/4HB,"OC4,50m",no,0.003994166,0.01511971,0.007642481,0.01577304,0.008404273,2.1885438,0.006520513,0.011557858,0.007663457,0.011069267,0.005601143,14.334234,0.004490942,0.010751043,0.00323442,0.003391997,0.002795456,0.81649864,0.003800264,0.013702541,0.002572904,0.003561341,0.004023839,0.004124627,0.4589883,0.017950978,0.01668627,1.0443068
R3500m50m.22,d__Bacteria;p__Actinobacteriota;c__Acidimicrobiia;o__Acidimicrobiales;f__TK06;g__UBA9040;s__UBA9040 sp002731665,87.18,2.14,2313937,3HP bi-cycle,"OC4,50m",no,0.012322576,0.32646886,0.010034896,0.01979281,0.012954436,84.15365,0.012941886,0.09768994,0.02189353,0.012399611,0.009886884,21.265333,0.011216387,0.13503332,0.005479874,0.009470115,0.004308769,2.1740866,0.005526614,0.34248564,0.014647909,0.006239838,0.00810123,0.006883816,1.9196291,0.038526174,0.09987376,12.320627
R3500m50m.244,d__Archaea;p__Thermoplasmatota;c__Poseidoniia;o__Poseidoniales;f__Thalassarchaeaceae;g__MGIIb-N1;s__MGIIb-N1 sp002497295,82.06,0,1447032,3HP/4HB,"OC4,50m",no,0.037832264,0.04948782,0.04061475,0.008885537,0.020104125,8.444215,0.042872317,0.047899216,0.03750194,0.03307129,0.029901,20.050005,0.0338372,0.037401527,0.027636508,0.017274547,0.010548935,6.4628153,0.039025452,0.041209612,0.056329083,0.03367931,0.029267358,0.029608762,7.745516,0.037348896,0.057509113,5.177559
R3500m50m.246,d__Archaea;p__Thermoplasmatota;c__Poseidoniia;o__Poseidoniales;f__Poseidoniaceae;g__MGIIa-L1;s__,54.09,2.8,1214510,3HP/4HB,"OC4,50m",no,0.002706997,0.058028165,0.004478849,0.003779434,0.007026966,1.7893481,0.003424545,0.041782733,0.004057473,0.006030515,0.006987247,9.395748,0.002298573,0.015104783,0.003769072,0.006548601,0.003385689,5.257537,0.00286674,0.017646855,0.005988205,0.002884009,0.017448256,0.003896003,2.3371959,0.034713455,0.00533369,0.13308235
R3500m50m.286,d__Archaea;p__Thermoplasmatota;c__Poseidoniia;o__Poseidoniales;f__Poseidoniaceae;g__MGIIa-L1;s__MGIIa-L1 sp002495535,69.36,1.76,1571583,3HP/4HB,"OC4,50m",no,0.004057171,0.011271376,0.003592035,0.003259888,0.006266898,9.066961,0.004420109,0.007256788,0.002897605,0.002599525,0.005738215,9.337178,0.002701724,0.006271484,0.002188763,0.001940472,0.002189418,0.9257668,0.002938878,0.009262771,0.002530737,0.002020397,0.003252681,0.004834801,0.39337593,0.007280372,0.005533161,0.11462344
R3500m50m.293,d__Archaea;p__Thermoplasmatota;c__Poseidoniia;o__Poseidoniales;f__Poseidoniaceae;g__MGIIa-L2;s__MGIIa-L2 sp018645535,61.42,0.8,1503891,3HP/4HB,"OC4,50m",no,0.012908483,0.041643314,0.00716381,0.014029493,0.02919281,14.927094,0.015400741,0.023022532,0.02774602,0.0350191,0.013047429,27.065477,0.00659656,0.014778857,0.004695833,0.004147469,0.003852715,0.57577646,0.005261734,0.019231873,0.006208725,0.005437103,0.00655002,0.006123064,0.24191298,0.055502832,0.058636535,3.1363423
R3500m50m.298,d__Archaea;p__Thermoplasmatota;c__Poseidoniia;o__Poseidoniales;f__Poseidoniaceae;g__MGIIa-L1;s__MGIIa-L1 sp018701175,71.43,1.6,1861126,3HP/4HB,"OC4,50m",no,0.006700387,0.020447724,0.006948793,0.009576525,0.012760292,3.4052322,0.007788329,0.010508185,0.01652093,0.030510642,0.003638356,12.024305,0.002133113,0.007213102,0.001881965,0.002370004,0.001149359,0.09672543,0.001373089,0.007145654,0.002858591,0.004963737,0.004970866,0.001466858,0.06943803,0.027794076,0.046623595,4.139866
R3500m50m.34,d__Archaea;p__Thermoplasmatota;c__Poseidoniia;o__Poseidoniales;f__Thalassarchaeaceae;g__MGIIb-O5;s__MGIIb-O5 sp002499345,55.16,2.06,963995,3HP/4HB,"OC4,50m",no,0.005232371,0.012519714,0.002331359,0.002956923,0.003734394,8.288575,0.004953874,0.021425294,0.006054149,0.014209685,0.004976027,13.122935,0.003462226,0.028331812,0.004126822,0.005072024,0.003069799,2.7725458,0.011812922,0.054510545,0.015283587,0.009061707,0.024271451,0.003988628,2.7188709,0.00775256,0.011936346,2.1336365
R4000m1000m.103,d__Bacteria;p__Proteobacteria;c__Gammaproteobacteria;o__PS1;f__Thioglobaceae;g__SZUA-1055;s__SZUA-1055 sp015659815,84.62,1.62,1293435,CBB,"OC5,1000m",no,18.07895,0.26167592,0.90762997,0.040751703,2.890851,0.05369373,36.83037,0.05077282,0.31531972,0.033971637,4.128616,0.04898509,11.294886,0.025987076,0.12130577,0.007515443,0.57144547,0.028545843,8.329017,0.018416954,0.08283311,0.01026915,0.009301589,0.4038029,0.030984163,0.12432653,9.569011,0.12482576
R4000m1000m.12,d__Bacteria;p__SAR324;c__SAR324;o__SAR324;f__NAC60-12;g__Arctic96AD-7;s__,63.31,1.1,1886071,CBB,"OC5,1000m",no,28.654139,9.248113,0.8489567,0.1862647,23.680302,0.029042525,19.369143,4.380983,0.7965905,0.3845695,46.44466,0.01871915,22.944788,0.9729947,0.7052283,0.25058147,10.944752,0.012713267,23.352272,0.8474825,0.75882065,0.40625322,0.23845679,20.087025,0.02518009,6.698533,15.3046465,0.57826924
R4000m1000m.144,d__Bacteria;p__Myxococcota_A;c__UBA9160;o__UBA9160;f__UBA4427;g__;s__,70.23,0.05,3420782,3HP bi-cycle,"OC5,1000m",no,5.170818,0.14275634,1.286792,0.054522417,2.134121,0.004548429,3.310074,0.051770236,0.76580346,0.07136756,1.1532024,0.001666189,7.715526,0.026057918,1.2098005,0.08193721,0.8828853,0.001897715,5.979184,0.029844431,1.2128482,0.14115779,0.057876624,3.0314662,0.006840323,0.098057024,0.40405345,0.011828128
R4000m1000m.150,d__Bacteria;p__Gemmatimonadota;c__Gemmatimonadetes;o__Longimicrobiales;f__UBA6960;g__UBA1138;s__UBA1138 sp003447875,89.11,2.4,3375021,3HP bi-cycle,"OC5,1000m",no,9.977552,0.058605503,46.11492,59.095726,4.592937,0.004671332,3.763275,0.045975864,28.277382,34.668217,1.2445598,0.002178817,10.477297,0.017282678,42.70413,42.360584,1.0926224,0.001374298,5.4452696,0.036791727,38.64107,52.93288,77.40376,1.9573748,0.005607244,0.05601391,0.5374827,0.008296697
R4000m1000m.169,d__Bacteria;p__Actinobacteriota;c__Acidimicrobiia;o__Acidimicrobiales;f__MedAcidi-G1;g__UBA9410;s__,77.35,2.74,1598481,3HP bi-cycle,"OC5,1000m",no,322.26993,14.408833,18.09542,1.0646491,187.72044,0.024273362,249.15244,5.9449606,12.787376,0.96568084,100.81329,0.009229554,336.71896,0.796636,14.12771,0.8523904,42.120995,0.007507522,270.76633,0.48468357,12.286811,0.9902987,0.6278877,95.0333,0.030623274,13.146281,47.65178,0.9217856
R4000m1000m.180,d__Bacteria;p__Chloroflexota;c__Dehalococcoidia;o__SAR202;f__UBA826;g__UBA11795;s__UBA11795 sp002708065,94.22,2.09,2515209,CBB,"OC5,1000m",no,19.397638,0.19492216,4.0970674,0.037615538,6.3086634,0.009232457,12.927999,0.7697742,3.0901396,0.22998613,6.630203,0.007189979,16.120134,0.12506486,1.9297805,0.1844005,3.0112362,0.006520954,19.950207,0.14805545,5.677292,0.6284696,0.08860017,7.453501,0.014824754,0.47823453,1.1184739,0.009628012
R4000m1000m.19,d__Bacteria;p__Proteobacteria;c__Gammaproteobacteria;o__Arenicellales;f__UBA868;g__GCA-2726415;s__GCA-2726415 sp018698075,52.73,2.03,1479962,CBB,"OC5,1000m",no,15.824414,13.004769,13.480685,1.4172924,20.149233,0.11334249,17.686625,6.8394585,7.5151057,1.2491286,5.5793624,0.21128784,15.704553,1.4052073,6.503816,0.8138028,7.6456184,0.029822366,9.745564,1.0281389,6.2979684,1.5302511,0.39009508,9.847722,0.081958614,6.5027165,6.165719,2.4882493
R4000m1000m.202,d__Bacteria;p__Proteobacteria;c__Alphaproteobacteria;o__GCA-2731375;f__GCA-2731375;g__GCA-2731375;s__,78,4.81,2819004,3HP bi-cycle,"OC5,1000m",no,9.868021,6.022574,2.7718823,0.06563263,7.767502,0.016693536,6.4844885,7.934144,3.3131883,0.12749371,7.8333664,0.005111331,9.285767,6.027837,3.3499124,0.076464996,4.3609877,0.004975675,9.10427,7.240625,4.521311,0.1252375,0.0453073,10.831108,0.015266166,4.5700216,2.615094,0.45500612
R4000m1000m.232,d__Bacteria;p__Proteobacteria;c__Gammaproteobacteria;o__Pseudomonadales;f__Pseudohongiellaceae;g__UBA9145;s__UBA9145 sp002731775,92.04,0.56,3299421,3HP bi-cycle,"OC5,1000m",no,27.65494,0.10953693,154.37045,122.16143,6.42857,0.019600471,16.184,0.082913935,65.164856,110.87733,2.4910295,0.008345448,21.453362,0.028200222,67.398994,73.38416,1.8586999,0.005275564,13.773674,0.05111271,70.734924,90.57046,31.432817,1.3355858,0.018396487,0.065098144,1.0322399,0.019732185
R4000m1000m.46,d__Bacteria;p__Proteobacteria;c__Alphaproteobacteria;o__Rhodospirillales;f__Casp-alpha2;g__PTLJ01;s__PTLJ01 sp002938045,52.54,0.75,1759412,CBB,"OC5,1000m","Jaffe et al., 2024",9.79504,0.07770138,2.9768295,0.09783367,1.1340319,0.010227036,5.6488266,0.033993643,3.3315256,0.30743906,2.0259058,0.005183328,9.217382,0.015021465,3.6347432,0.26224524,0.3972125,0.004601477,9.520452,0.029626464,5.5887575,0.4895081,0.07214234,1.0891898,0.017686235,0.059346408,0.43150276,0.009199359
R4000m150m.105,d__Archaea;p__Thermoplasmatota;c__Poseidoniia;o__Poseidoniales;f__Poseidoniaceae;g__MGIIa-K1;s__,82.81,0.44,1758866,3HP/4HB,"OC5,150m",no,0.04273974,6.200165,0.091269374,0.08007277,0.07774246,0.039584618,0.050518446,4.3484263,0.04566392,0.09955859,0.11393522,0.034743983,0.031601593,11.754985,0.032128315,0.03294445,0.032701343,0.023380676,0.032311223,4.3698297,0.04432801,0.04353214,0.028415214,0.0423583,0.027920906,0.97158885,0.09872047,2.839407
R4000m150m.140,d__Bacteria;p__Proteobacteria;c__Gammaproteobacteria;o__PS1;f__Thioglobaceae;g__Pseudothioglobus;s__,50.18,3.57,885740,3HP bi-cycle,"OC5,150m",no,29.066814,340.76218,12.798045,10.788696,64.72728,0.66203856,47.034023,191.94731,9.180039,10.737502,55.4112,0.2782607,29.065363,80.55923,6.3491354,3.5359235,39.287674,0.12500645,25.747538,31.839743,7.424388,3.8672686,1.6951121,58.467373,0.05722807,183.99269,61.479748,106.101006
R4000m150m.142,d__Archaea;p__Thermoplasmatota;c__Poseidoniia;o__Poseidoniales;f__Thalassarchaeaceae;g__MGIIb-O2;s__MGIIb-O2 sp002494975,50.83,1.2,770730,3HP/4HB,"OC5,150m",no,0.005857849,1.7079912,0.014873392,0.005502745,0.009840476,13.067699,0.014279275,1.5065448,0.008585321,0.023908056,0.009717556,15.342314,0.009533175,7.1334248,0.013373761,0.011478052,0.005255538,1.8313242,0.007331531,3.8565516,0.014216449,0.010537026,0.023658117,0.009553662,0.5069614,0.20881341,0.064161815,14.056044
R4000m150m.206,d__Archaea;p__Thermoplasmatota;c__Poseidoniia;o__Poseidoniales;f__Thalassarchaeaceae;g__MGIIb-P;s__,65.95,3.39,1742107,3HP/4HB,"OC5,150m",no,0.011682128,4.4787374,0.010271372,0.0095651,0.0328703,0.14778094,0.011723883,4.9849057,0.007887106,0.010290461,0.028601646,0.013271241,0.008296315,21.047125,0.005332237,0.005199811,0.015889935,0.012156356,0.011231163,29.459457,0.008205048,0.007253012,0.020781945,0.044618044,0.021898024,1.2273338,0.054695547,1.9539963
R4000m150m.209,d__Archaea;p__Thermoplasmatota;c__Poseidoniia;o__Poseidoniales;f__Thalassarchaeaceae;g__MGIIb-P;s__,56.65,3.6,1149014,3HP/4HB,"OC5,150m",no,0.04885305,10.407592,0.03259442,0.010212967,0.17661572,0.023076767,0.051342227,18.244358,0.02067577,0.007054194,0.14880309,0.008309804,0.041038327,15.552555,0.016209032,0.005738881,0.09690791,0.007225956,0.042894643,10.580678,0.022589035,0.011304162,0.012367803,0.21557176,0.012834408,8.38547,0.14473131,0.98120165
R4000m150m.21,d__Bacteria;p__Proteobacteria;c__Gammaproteobacteria;o__PS1;f__Thioglobaceae;g__Pseudothioglobus;s__Pseudothioglobus singularis,66.69,2.21,1208246,"3HP bicycle, CBB","OC5,150m",no,0.50409925,55.501244,0.47622484,0.3915284,0.7891214,170.63417,0.64060086,41.00277,0.40898323,0.49196234,0.72047114,111.77111,0.38210094,46.75791,0.22821203,0.19526173,0.40706232,7.5840173,0.3062153,34.964516,0.30517787,0.22986266,0.1989436,0.5564167,4.0175147,14.740265,1.5589696,109.928894
R4000m150m.228,d__Bacteria;p__Myxococcota;c__XYA12-FULL-58-9;o__XYA12-FULL-58-9;f__JABJBS01;g__;s__,91.77,3.87,4271361,3HP/4HB,"OC5,150m",no,0.41129342,0.100070424,1.914397,0.38925022,2.9475799,0.017360117,0.24808003,0.18958199,0.3219729,0.38134298,1.6068494,0.016748697,0.2637918,14.831622,0.08630391,0.28047523,0.39090705,0.008144977,0.13885762,1.9172536,0.12606418,1.2611932,0.04195173,0.4154704,0.039509345,0.13331218,0.63738865,0.041250307
R4000m2000m.11,d__Bacteria;p__Myxococcota_A;c__UBA9160;o__UBA9160;f__SMWR01;g__;s__,83.12,1.45,4618881,3HP bi-cycle,"OC5,2000m",no,2.29745,0.030075103,10.1005,0.7815111,0.2045014,0.005616213,1.2207018,0.017091975,5.313172,1.3536383,0.4629709,0.006540164,2.1206648,0.009263082,10.138079,1.5844738,0.04731119,0.003651807,1.7929366,0.014835073,12.739894,2.745265,0.23391497,0.15699963,0.010304884,0.018911816,0.09921924,0.008237891
R4000m2000m.12,d__Bacteria;p__Actinobacteriota;c__Acidimicrobiia;o__Acidimicrobiales;f__TK06;g__UBA2110;s__UBA2110 sp002719335,98.29,2.14,2668357,3HP bi-cycle,"OC5,2000m",no,43.650394,1.5419035,44.22921,1.221991,26.947056,0.013015821,32.42195,1.0381501,26.129929,2.4475133,22.721474,0.003895218,42.107853,0.25418,23.38115,1.4928643,5.304678,0.002381269,29.947742,0.35718355,25.690956,1.826286,0.41453096,9.033325,0.006741217,1.1412684,8.570047,0.18637845
R4000m2000m.122,d__Bacteria;p__Proteobacteria;c__Alphaproteobacteria;o__UBA828;f__UBA828;g__PTKB01;s__PTKB01 sp002937555,80.47,2.2,2616967,3HP bi-cycle,"OC5,2000m",no,7.6146736,0.07425479,6.2709417,1.6814319,0.8020416,0.007291421,3.3958273,0.060511045,4.0999737,2.3654556,0.5204456,0.002939264,6.6667724,0.031406097,8.5003195,2.5600634,0.2758721,0.002614011,4.843754,0.06746163,6.560696,3.9698896,0.84800375,0.5771579,0.011151304,0.06307631,0.12190515,0.01003969
R4000m2000m.174,d__Bacteria;p__Proteobacteria;c__Alphaproteobacteria;o__UBA7887;f__UBA7887;g__MarineAlpha9-Bin7;s__MarineAlpha9-Bin7 sp002938115,85.79,2.9,2167120,3HP bi-cycle,"OC5,2000m",no,5.6540403,0.21760163,11.216588,0.9390361,3.010569,0.019803487,3.2225497,0.11037473,9.517486,2.7247834,2.4537916,0.012231956,4.4792633,0.056412365,13.044799,2.8960712,1.5752319,0.009472969,3.9976451,0.11376214,17.89265,4.8686695,0.0974554,2.8573298,0.019955602,0.19577548,0.75549823,0.018324167
R4000m3000m.131,d__Bacteria;p__Proteobacteria;c__Gammaproteobacteria;o__PS1;f__Thioglobaceae;g__DUCF01;s__,83.13,1.5,1399974,CBB,"OC5,3000m",no,0.9505131,0.27708483,7.4642944,195.12018,0.3029305,0.056866452,1.0162811,0.15404008,2.6458704,123.44082,0.31441632,0.04273389,1.1952361,0.10625891,1.9572705,36.857586,0.1465944,0.02078677,0.60707945,0.053426076,3.1228588,41.048595,203.83125,0.23192059,0.019365018,0.16311374,0.22603534,0.09187219
R4000m3000m.146,d__Archaea;p__Thermoplasmatota;c__Poseidoniia;o__Poseidoniales;f__Thalassarchaeaceae;g__Thalassarchaeum;s__Thalassarchaeum betae,76.27,0,1203292,3HP/4HB,"OC5,3000m",no,5.7601786,0.68160003,27.055128,62.763985,1.9936675,0.044480197,4.9625635,0.83262783,18.15989,148.5546,3.002834,0.07390167,5.293895,0.7283164,18.086298,145.74371,1.1645439,0.049925797,5.277211,0.93396187,40.173763,239.95692,223.36023,3.0317807,0.08775687,0.6305855,1.0022413,0.11396977
R4000m3000m.162,d__Bacteria;p__Proteobacteria;c__Gammaproteobacteria;o__Arenicellales;f__UBA868;g__GCA-2726415;s__,92.68,2.87,2649836,CBB,"OC5,3000m",no,3.9049845,4.878233,14.999057,21.181995,5.418732,0.09358774,4.068922,2.5370815,8.255246,13.475494,1.6043468,0.08570357,3.7179296,0.5676736,8.9998455,11.851081,2.1609886,0.021050533,2.515803,0.49272603,13.003493,22.62981,9.561541,2.9511719,0.061584637,2.0947661,1.5383666,0.92479914
R4000m3000m.189,d__Bacteria;p__Myxococcota_A;c__UBA9160;o__UBA9160;f__UBA4427;g__;s__,88.39,1.2,3590894,3HP bi-cycle,"OC5,3000m",no,8.076648,0.059156887,26.220268,10.09149,0.7078371,0.008542837,3.7891428,0.045687687,15.308059,18.554415,0.8740384,0.014557436,8.047939,0.019164141,27.198084,24.190624,0.17722788,0.006644898,7.987947,0.024196114,36.157066,39.646908,1.1962281,0.72594315,0.01837697,0.037011076,0.11515946,0.017122004
R4000m3000m.213,d__Bacteria;p__Proteobacteria;c__Gammaproteobacteria;o__PS1;f__Thioglobaceae;g__DUCF01;s__,90.01,2.51,1472825,"3HP bicycle, CBB","OC5,3000m",no,1.2454593,0.55752915,5.8662295,729.4777,0.34690216,0.11671382,0.8014177,0.29006737,1.3004497,235.95995,0.3797088,0.10174199,6.6168203,0.18605304,0.8263356,21.518929,0.19429675,0.034976996,0.37093648,0.12618777,1.2213622,21.133776,57.477955,0.2851381,0.047189206,0.293938,0.2715902,0.19613281
R4000m3000m.35,d__Bacteria;p__Actinobacteriota;c__Acidimicrobiia;o__Acidimicrobiales;f__MedAcidi-G1;g__S20-B6;s__,93.3,2.14,2286404,3HP bi-cycle,"OC5,3000m",no,1.299945,0.7849553,5.511275,33.495926,1.513164,0.20644334,0.95912445,0.45346254,2.88795,16.25628,0.67650294,0.26970136,1.4500171,0.16337296,4.252781,17.877186,0.47348374,0.10712657,0.9529623,0.27080187,4.9173756,28.466131,29.253878,0.5165152,0.57785594,0.55543894,0.590653,0.2343049
R4000m3000m.74,d__Bacteria;p__Proteobacteria;c__Gammaproteobacteria;o__PS1;f__Thioglobaceae;g__Pseudothioglobus;s__,86.29,1.49,1422472,CBB,"OC5,3000m","Jaffe et al., 2024",150.59879,70.53415,189.34715,424.08322,54.831455,0.5391771,235.75706,44.24019,128.14545,342.1664,43.841553,0.36360767,139.27106,21.52701,87.53743,104.62129,29.535273,0.1376001,121.46271,7.611029,106.9639,106.06335,30.592737,42.02282,0.09106028,49.56925,40.509914,22.254835
R4000m500m.140,d__Bacteria;p__Proteobacteria;c__Gammaproteobacteria;o__SAR86;f__SAR86;g__CAJJAM01;s__CAJJAM01 sp015660645,62.81,3.55,1307755,3HP bi-cycle,"OC5,500m",no,4.3382945,50.355183,1.3867841,0.037112474,25.830673,0.22563803,8.567884,40.293255,0.79723346,0.056856513,9.006547,0.15027346,5.6060576,16.018585,0.5348431,0.03547451,16.173615,0.13521902,3.9639244,3.8428833,0.513439,0.052452803,0.046094432,27.426342,0.13859841,39.707962,12.832263,12.853107
R4000m500m.62,d__Bacteria;p__Proteobacteria;c__Alphaproteobacteria;o__Pelagibacterales;f__AG-422-B15;g__CACPJE01;s__,77.4,2.74,1021921,3HP bi-cycle,"OC5,500m",no,0.3872363,14.956881,0.3765011,0.15755503,32.715797,1.2597541,1.1357638,12.509196,0.37736627,0.2706281,51.38884,1.0625862,0.7917056,3.0050733,0.30290106,0.20720185,20.711193,0.7144889,0.4624369,0.9192331,0.37403637,0.28233507,0.21588175,25.479607,1.0551729,19.16382,31.807522,4.1202893
R4000m50m.111,d__Bacteria;p__Proteobacteria;c__Alphaproteobacteria;o__Rhodobacterales;f__Rhodobacteraceae;g__Planktomarina;s__Planktomarina sp002698165,62.91,2.93,1703365,3HP bi-cycle,"OC5,50m",no,0.026491215,0.19487078,0.012110655,0.026207248,0.019230098,62.70193,0.012383584,0.07230882,0.027765086,0.01907922,0.016050637,38.93855,0.018766426,0.08636186,0.028019,0.01981766,0.011341549,13.368522,0.010114905,0.27871007,0.026172902,0.023861904,0.055535078,0.013838383,22.348923,0.03410009,0.022985468,4.1642365
R4000m50m.115,d__Bacteria;p__Proteobacteria;c__Gammaproteobacteria;o__Pseudomonadales;f__Pseudohongiellaceae;g__UBA9145;s__UBA9145 sp002172295,73.07,3.78,2157896,3HP bi-cycle,"OC5,50m",no,0.015624879,0.029709026,0.009511742,0.006589329,0.012219023,19.709429,0.012807856,0.024318635,0.010733402,0.008687471,0.012157626,6.4463277,0.014689417,0.031179175,0.021968618,0.020173594,0.007486599,11.708406,0.024747932,1.0225575,0.04376513,0.049069952,0.14038847,0.02088909,44.015003,0.012383394,0.007967141,0.21112779
R4000m50m.116,d__Bacteria;p__Cyanobacteria;c__Cyanobacteriia;o__PCC-6307;f__Cyanobiaceae;g__Synechococcus_C;s__Synechococcus_C sp003209155,50.66,2.24,1380169,CBB,"OC5,50m",no,0.059450854,0.10676295,0.053302232,0.07825239,0.05557346,0.926714,0.040308826,0.22170006,0.13616912,0.094353475,0.051222105,7.2489853,0.09134893,0.13766533,0.18922944,0.2617427,0.038532794,10.409694,0.15218072,0.20711339,0.16407605,0.3257603,0.11017245,0.062326483,17.299128,0.024660472,0.013976214,0.02065416
R4000m50m.160,d__Archaea;p__Thermoplasmatota;c__Poseidoniia;o__Poseidoniales;f__Thalassarchaeaceae;g__MGIIb-O2;s__MGIIb-O2 sp902511005,72.8,2,1157070,3HP/4HB,"OC5,50m",no,0.007801982,1.1159909,0.019080935,0.009937987,0.013169379,61.7146,0.020527907,0.671724,0.022791117,0.105657145,0.015425523,95.28729,0.006009611,2.5568063,0.025245138,0.04770322,0.003726083,11.834522,0.014873412,2.5412872,0.03500733,0.026207134,0.061831947,0.010813413,3.8164184,0.13933852,0.1564725,39.52306
R4000m50m.179,d__Bacteria;p__Cyanobacteria;c__Cyanobacteriia;o__PCC-6307;f__Cyanobiaceae;g__Synechococcus_C;s__Synechococcus_C sp003210315,70.87,1.64,1400605,CBB,"OC5,50m",no,1.1937649,3.653901,2.061588,2.9224656,1.0131279,16.231632,1.208184,2.2630708,2.1538806,2.8596332,0.96733856,25.36664,1.0548227,1.1073,1.093623,1.8570517,0.22723253,8.696427,0.6280468,0.35045055,0.7155332,1.6302409,0.646898,0.27329084,15.518804,1.5388917,1.1559398,10.073375
R4000m50m.216,d__Archaea;p__Thermoplasmatota;c__Poseidoniia;o__Poseidoniales;f__Thalassarchaeaceae;g__MGIIb-O5;s__MGIIb-O5 sp002506825,63.12,1.93,1055614,3HP/4HB,"OC5,50m",no,0.002284819,0.021484908,0.003858741,0.003246335,0.004214678,12.30308,0.004533558,0.022206534,0.005537981,0.005988509,0.003549613,14.876635,0.002787031,0.049084123,0.016451089,0.036660478,0.002324801,11.780077,0.034074333,0.4074302,0.055353478,0.048281558,0.10205234,0.015603668,12.1658325,0.003812908,0.003224882,0.4258599
R4000m50m.42,d__Bacteria;p__Proteobacteria;c__Alphaproteobacteria;o__Rhodobacterales;f__Rhodobacteraceae;g__MED-G52;s__,84.29,4.51,1917394,3HP bi-cycle,"OC5,50m",no,0.14694211,0.2235236,0.045785736,0.047064688,0.06580566,135.49661,0.038668044,0.1125172,0.10914459,0.052008756,0.040482085,135.5836,0.0594109,0.072009355,0.11683816,0.056570154,0.028176663,17.234573,0.026306806,0.101694144,0.048045773,0.054526944,0.08387414,0.031092547,26.28447,0.08763533,0.0606657,11.665186
R4000m50m.47,d__Archaea;p__Thermoplasmatota;c__Poseidoniia;o__Poseidoniales;f__Thalassarchaeaceae;g__MGIIb-O2;s__MGIIb-O2 sp902593945,70.4,0.19,1253746,3HP/4HB,"OC5,50m",no,0.003834423,0.055080146,0.008340899,0.005483055,0.011573543,12.393216,0.008680965,0.046817597,0.007717311,0.01250004,0.009304553,17.712662,0.004372389,0.38124517,0.026319956,0.05146624,0.004754458,15.89641,0.039903197,1.2600073,0.07004707,0.065966286,0.12967005,0.018101027,5.9309845,0.013615553,0.0066228,0.4204432
R4000m50m.71,d__Archaea;p__Thermoplasmatota;c__Poseidoniia;o__Poseidoniales;f__Poseidoniaceae;g__MGIIa-L2;s__MGIIa-L2 sp002171315,74.7,0.8,1755983,3HP/4HB,"OC5,50m",no,0.002420035,0.020582989,0.003017831,0.005606933,0.005701565,7.884008,0.002879922,0.012185573,0.004329981,0.006104327,0.003302303,14.183623,0.004780059,0.009868826,0.006628841,0.022914162,0.00258564,30.23613,0.009523189,0.015932184,0.004430383,0.007181052,0.0428982,0.0089704,37.08238,0.011081728,0.004335751,0.22290862
R4500m1000m.103,d__Bacteria;p__Desulfobacterota_B;c__Binatia;o__UBA1149;f__UBA1149;g__;s__,93.28,2.1,2027276,3HP bi-cycle,"OC6,1000m",no,13.660733,0.11199545,7.128595,0.19702865,2.6091425,0.022247884,7.63733,0.15109318,8.450829,0.69733506,1.7343528,0.04696249,14.167998,0.020295667,12.651297,0.6796239,1.196628,0.008710619,14.672341,0.028811164,15.825499,1.1306019,0.068445355,4.011965,0.037604623,0.42607877,0.42184946,0.13209699
R4500m1000m.198,d__Bacteria;p__Proteobacteria;c__Alphaproteobacteria;o__JAAXGF01;f__JAAXGF01;g__;s__,62.26,1.74,1946188,3HP bi-cycle,"OC6,1000m",no,3.6352575,0.21294758,2.4293125,0.16513151,2.550327,0.00557558,2.5705547,0.15283523,1.5938387,0.2998699,1.5500389,0.002706539,3.7069182,0.03379587,2.1043496,0.26500118,1.4074543,0.001658707,4.992583,0.023702871,2.486306,0.516249,0.21334758,3.0496867,0.007884291,0.31135964,0.52507734,0.015947387
R4500m150m.132,d__Bacteria;p__Proteobacteria;c__Gammaproteobacteria;o__Pseudomonadales;f__Pseudohongiellaceae;g__UBA9145;s__UBA9145 sp002712055,84.38,0.32,1955082,3HP bi-cycle,"OC6,150m",no,0.3202452,38.20718,0.21373649,0.08495835,0.8819636,0.09142295,0.18722233,59.12763,0.12041,0.07869023,0.64902055,0.020952722,0.28797984,22.111843,0.109007336,0.050673205,0.3256786,0.013624053,0.15541007,34.46099,0.08115078,0.06376647,0.054552272,0.43463758,0.03322203,26.10169,0.76354355,3.1841214
R4500m150m.139,d__Bacteria;p__Actinobacteriota;c__Acidimicrobiia;o__Acidimicrobiales;f__TK06;g__UBA2110;s__UBA2110 sp014239555,98.29,2.14,2467736,3HP bi-cycle,"OC6,150m",no,0.3460107,52.94401,0.18575983,0.09364427,2.4939651,1.1337835,0.3392329,52.548027,0.096971184,0.12318981,1.0711814,0.17548966,0.3411132,25.435335,0.10073709,0.08070445,0.83489305,0.05248765,0.2573562,77.40722,0.13118051,0.10778153,0.10679788,2.0395935,0.19504714,17.672508,1.7864599,11.181289
R4500m150m.161,d__Archaea;p__Halobacteriota;c__Halobacteria;o__Halobacteriales;f__UBA12382;g__UBA12382;s__,85.41,1.96,1073987,DC/4HB,"OC6,150m",no,0.05630463,1.8490961,0.058569837,0.021113282,0.29804972,0.029476311,0.041204214,3.7824945,0.049715202,0.041137394,0.14418851,0.01637191,0.07294096,4.442089,0.060307164,0.06977081,0.2409165,0.013737284,0.0649149,11.519542,0.1171874,0.20455581,0.1943409,0.5054482,0.0219934,1.0471426,0.079872124,0.49350458
R4500m150m.194,d__Archaea;p__Thermoplasmatota;c__Poseidoniia;o__Poseidoniales;f__SP79;g__SP79;s__,67.6,0.27,1626374,3HP/4HB,"OC6,150m",no,0.055511907,0.14622289,0.051288757,0.00653689,0.03049762,0.013575685,0.045415122,0.42202926,0.03306518,0.014909849,0.037058108,0.012781055,0.044012718,3.3919487,0.031287786,0.009418861,0.019357484,0.015474253,0.051274724,8.855683,0.054398403,0.017849855,0.011002382,0.053350586,0.030063953,0.03858487,0.018624716,0.05659926
R4500m150m.240,d__Bacteria;p__Proteobacteria;c__Gammaproteobacteria;o__UBA6522;f__UBA6522;g__UBA6522;s__,83.67,1.86,2448639,3HP bi-cycle,"OC6,150m",no,0.7103216,6.128458,0.20211408,0.032901958,2.185385,0.05333084,0.26960814,13.367366,0.27321735,0.042956576,0.35830945,0.022871139,0.7500309,4.253217,0.47346938,0.069541164,0.60400915,0.018060481,0.6878912,37.02213,0.65278906,0.096428156,0.061844684,2.1825616,0.08788805,3.6588676,0.15753056,0.6482714
R4500m150m.308,d__Bacteria;p__Proteobacteria;c__Alphaproteobacteria;o__UBA828;f__UBA828;g__PTKB01;s__,57.76,3.45,1756552,3HP bi-cycle,"OC6,150m",no,0.22210276,5.217893,0.08667757,0.034682825,1.3173841,0.4115296,0.13103573,7.69074,0.06243616,0.045900337,0.39743415,0.07301262,0.20566484,9.833013,0.09064949,0.054990645,0.73266214,0.019295232,0.17904204,38.36426,0.10182809,0.08046167,0.06402021,1.4109788,0.08503809,2.0812442,0.20218417,1.7283499
R4500m150m.319,d__Bacteria;p__Chloroflexota;c__Dehalococcoidia;o__UBA2979;f__UBA2979;g__UBA6627;s__,88.61,0.99,1848185,3HP bi-cycle,"OC6,150m",no,0.002589491,0.70107174,0.002034173,0.002731992,0.015329723,0.042295028,0.002730361,2.1013763,0.002290892,0.001745908,0.003736569,0.007552547,0.003463533,3.5919738,0.003374878,0.002562297,0.007404063,0.002520961,0.003276977,25.20752,0.00720391,0.006236318,0.018247185,0.033487167,0.009074913,0.2600326,0.003232377,0.17469685
R4500m150m.330,d__Bacteria;p__Proteobacteria;c__Alphaproteobacteria;o__UBA7887;f__UBA7887;g__GCA-2728255;s__,72.25,1.71,1860372,3HP bi-cycle,"OC6,150m",no,0.2211276,10.496399,0.041924577,0.017057532,1.9917463,0.047447305,0.15608047,14.522218,0.041111413,0.028823078,1.1493143,0.022044653,0.20929684,9.402926,0.039939873,0.025834596,1.5194981,0.012730309,0.19430093,14.981056,0.05379156,0.048723068,0.07071756,3.4761508,0.022238052,7.0086255,0.8882803,1.3363608
R4500m150m.352,d__Bacteria;p__Proteobacteria;c__Gammaproteobacteria;o__Ga0077536;f__Ga0077536;g__UBA11873;s__,57.33,2.34,2282605,CBB,"OC6,150m",no,0.003740859,2.7747855,0.004165809,0.004831673,0.005441123,0.6823858,0.002591319,2.3419104,0.002645421,0.002478955,0.002383699,0.059456535,0.003021356,1.8092985,0.004318866,0.001629979,0.003203544,0.011498633,0.002143249,7.394275,0.004086276,0.003353363,0.010674627,0.009551906,0.025371715,0.348261,0.018723715,3.5876348
R4500m150m.41,d__Bacteria;p__Myxococcota_A;c__UBA9160;o__UBA9160;f__UBA6930;g__UBA6930;s__,89.03,0.12,2458817,3HP bi-cycle,"OC6,150m",no,0.043866795,0.7093928,0.06127678,0.050192803,0.04462063,0.058666095,0.0343529,1.6137162,0.041708495,0.055244066,0.03044993,0.031374276,0.046328995,3.6719494,0.0455103,0.040871445,0.022878954,0.015231288,0.042819668,17.428043,0.060075864,0.063520335,0.06259885,0.060177438,0.04466509,0.24720423,0.021744939,0.25254184
R4500m150m.60,d__Archaea;p__Thermoplasmatota;c__Poseidoniia;o__Poseidoniales;f__Thalassarchaeaceae;g__MGIIb-O3;s__,69.07,0.06,1092209,3HP/4HB,"OC6,150m",no,0.056951117,6.019421,0.04626831,0.021279205,6.9724402,0.007529436,0.07185948,14.622463,0.038593005,0.03448638,6.909713,0.010648429,0.054542888,10.804698,0.03185981,0.022682147,5.657182,0.011163151,0.06007011,11.955855,0.03967262,0.03726532,0.0442438,10.429318,0.021524487,5.4544578,6.20033,0.39295408
R4500m150m.66,d__Bacteria;p__Proteobacteria;c__Alphaproteobacteria;o__Rhodospirillales;f__JAHDSF01;g__;s__,53.42,0.5,1895376,3HP bi-cycle,"OC6,150m",no,0.65523636,0.97134554,0.49236658,0.048853286,1.3896722,0.009547205,0.30036992,2.4838512,0.43417972,0.092471115,0.3059144,0.005497062,0.6398011,4.1336637,0.5497759,0.11190801,0.71343327,0.00316102,0.76393205,8.190909,0.992414,0.20360379,0.19931045,2.11502,0.01151064,0.9075981,0.1311865,0.113065995
R4500m150m.83,d__Archaea;p__Thermoplasmatota;c__Poseidoniia;o__Poseidoniales;f__Thalassarchaeaceae;g__;s__,62.5,1.2,1492118,3HP/4HB,"OC6,150m",no,0.006812934,1.4677284,0.007182515,0.008601789,0.008785885,0.028788414,0.006767083,0.8849985,0.004826088,0.007177652,0.010568487,0.01655681,0.005629163,4.152411,0.005889676,0.002826044,0.005959146,0.01669853,0.005081044,9.100572,0.005568724,0.004605174,0.014300422,0.015111138,0.0317527,0.14264506,0.007713961,0.590357
R4500m2000m.161,d__Bacteria;p__Proteobacteria;c__Alphaproteobacteria;o__JAAXGF01;f__JAAXGF01;g__;s__,60.27,0.76,1893911,3HP bi-cycle,"OC6,2000m",no,2.594046,0.15130696,4.6846895,0.27322397,1.6288757,0.010434598,1.802131,0.11807985,2.7365043,0.58955055,0.955575,0.009662367,2.631714,0.058233656,3.8642895,0.52454597,0.8937893,0.003839392,2.3655195,0.071311355,6.5391626,1.0226977,0.2508728,1.902107,0.016767558,0.20013492,0.33188057,0.014843676
R4500m2000m.188,d__Bacteria;p__SAR324;c__SAR324;o__SAR324;f__NAC60-12;g__UBA8110;s__,72.62,0.89,2659688,3HP bi-cycle,"OC6,2000m",no,5.500595,0.06740905,5.3298483,1.6868153,0.26665646,0.013904031,3.038576,0.09059454,5.3817444,4.4626074,0.45548338,0.01451434,4.4778967,0.038284376,6.5992436,4.349391,0.11745943,0.010628891,4.384101,0.04411977,10.591774,6.70108,0.47264615,0.23168235,0.038541146,0.059921846,0.11522891,0.021882528
R4500m2000m.222,d__Bacteria;p__Planctomycetota;c__UBA1135;o__UBA2386;f__UBA2386;g__;s__,84.02,1.24,3931777,3HP/4HB,"OC6,2000m",no,0.8317539,0.021445809,7.72424,2.4583848,0.27916485,0.007911626,0.42033967,0.022202289,5.129855,5.54746,0.24942604,0.009393699,0.86202675,0.010129499,6.5944686,5.8140273,0.11128628,0.006177482,0.7129081,0.01776942,9.871574,11.201599,0.26498386,0.28957835,0.020165812,0.02177222,0.0524442,0.007510875
R4500m2000m.38,d__Bacteria;p__Proteobacteria;c__Alphaproteobacteria;o__SHVP01;f__SHVP01;g__;s__,86.68,2.21,2074034,3HP bi-cycle,"OC6,2000m",no,3.461112,0.278453,5.9473786,0.3031571,2.0002582,0.011712545,1.6590772,0.10578615,4.035538,0.64891976,0.76898193,0.009175449,3.134271,0.013012446,6.6001153,1.0238705,0.9073527,0.006708026,2.9441302,0.027771197,10.768934,2.2229936,0.077846244,2.5924108,0.019834934,0.2916431,0.21000715,0.01420087
R4500m2000m.74,d__Bacteria;p__Proteobacteria;c__Gammaproteobacteria;o__Pseudomonadales;f__Pseudohongiellaceae;g__UBA9145;s__,87.1,3.99,2499610,3HP bi-cycle,"OC6,2000m","Jaffe et al., 2024",53.61052,5.2916346,37.601864,0.5558495,34.074306,0.0382924,25.446712,2.8558197,24.387531,1.0110625,22.908525,0.03335282,42.858055,0.6711408,23.427498,0.549859,10.182848,0.010055756,21.208517,0.72545904,15.03141,0.76303613,0.19434465,12.173561,0.027259683,4.1941547,9.755054,0.44438228
R4500m3000m.10,d__Bacteria;p__Myxococcota_A;c__UBA9160;o__UBA9160;f__;g__;s__,88.06,0.65,2758818,3HP bi-cycle,"OC6,3000m",no,1.089323,0.0346969,5.7835875,13.282816,0.39255926,0.010139918,0.58586484,0.034007832,2.5893068,7.4883776,0.0699633,0.010446742,1.2520263,0.021027766,3.7540429,8.255246,0.096447684,0.005988592,0.810678,0.032439128,5.842857,13.406683,18.886267,0.12705286,0.017911328,0.019046651,0.0323902,0.01229946
R4500m3000m.119,d__Bacteria;p__Proteobacteria;c__Alphaproteobacteria;o__Rhodospirillales;f__Casp-alpha2;g__Casp-alpha2;s__Casp-alpha2 sp002938315,97.1,0.75,2442953,3HP bi-cycle,"OC6,3000m",no,0.3123863,0.023342159,4.463174,16.995369,0.04178062,0.0553818,0.1710051,0.019374872,2.4248857,17.641127,0.024523048,0.033979286,0.24457383,0.013488278,2.4384508,13.853822,0.021106565,0.024766697,0.21747981,0.038833175,5.112594,23.683096,61.896587,0.048486575,0.092226766,0.011299588,0.012951171,0.013791698
R4500m3000m.127,d__Bacteria;p__Planctomycetota;c__UBA1135;o__UBA1135;f__UBA1135;g__UBA1135;s__UBA1135 sp002311925,53.61,1.08,1103008,3HP/4HB,"OC6,3000m",no,4.1373944,0.022534985,4.250363,1.846575,2.3795204,0.003472348,2.0549827,0.04773859,5.333953,2.7948368,0.89790994,0.008785746,3.780364,0.01657231,7.685636,4.0961723,1.0456306,0.006785475,3.7189486,0.019273343,10.755034,7.6249743,6.848902,3.1876879,0.014798,0.3481091,0.22051126,0.00417311
R4500m3000m.133,d__Bacteria;p__Proteobacteria;c__Alphaproteobacteria;o__Rhodospirillales;f__UBA2165;g__GCA-2687515;s__,96.02,3.54,5069799,3HP bi-cycle,"OC6,3000m",no,2.2839572,0.15464509,7.887697,5.3356004,0.5498363,0.009703265,1.2642895,0.1688736,4.8119044,8.516016,0.3874935,0.007602784,2.004958,0.07956999,5.1975517,9.198776,0.32017657,0.005322773,2.1483178,0.09114334,12.040059,19.190693,26.802341,0.6753533,0.024265902,0.12261739,0.12718022,0.025658114
R4500m3000m.151,d__Bacteria;p__Proteobacteria;c__Alphaproteobacteria;o__JAAXGF01;f__JAAXGF01;g__;s__,96.66,2.8,3430894,3HP bi-cycle,"OC6,3000m",no,0.03887943,0.021527207,0.81862706,15.950538,0.029056976,0.019877303,0.02774258,0.018099615,0.18941744,8.274571,0.017328154,0.014311254,0.03508394,0.012529703,0.27689087,6.124765,0.014022997,0.007388313,0.033346962,0.030065877,0.7245501,11.910384,60.49293,0.03083823,0.024937266,0.012752879,0.01023523,0.01218944
R4500m3000m.168,d__Bacteria;p__Proteobacteria;c__Alphaproteobacteria;o__JAAXGF01;f__JAAXGF01;g__;s__,87.07,3.82,3331992,3HP bi-cycle,"OC6,3000m",no,0.103624105,0.01770164,4.4459085,4.5197988,0.04536151,0.016252652,0.062096033,0.01512327,1.642047,4.6990004,0.029445678,0.01093795,0.088648036,0.010061795,2.66372,5.2495975,0.024465948,0.006075307,0.07999989,0.024787707,5.366529,10.793788,1.871932,0.051735222,0.028145736,0.010789516,0.012456392,0.009437638
R4500m3000m.199,d__Bacteria;p__Myxococcota_A;c__UBA9160;o__UBA9160;f__;g__;s__,76.42,3.03,2871528,3HP bi-cycle,"OC6,3000m",no,0.5239804,0.054791115,2.8978984,2.359482,0.17132291,0.006064784,0.26421285,0.055569693,3.3711767,2.33304,0.06813494,0.005250323,0.69908565,0.01909617,5.0423565,4.1704483,0.04102356,0.003050515,0.43522802,0.030909304,6.2167325,9.203509,4.3462853,0.07717775,0.011117926,0.05515612,0.03324395,0.017798902
R4500m3000m.230,d__Archaea;p__Thermoplasmatota;c__Poseidoniia;o__Poseidoniales;f__Poseidoniaceae;g__;s__,82.93,1.07,1860981,3HP/4HB,"OC6,3000m",no,0.1644733,0.047352403,3.1970341,4.6545477,0.048196446,0.026886648,0.11774594,0.04566053,1.3088366,8.857916,0.054906078,0.03337513,0.14025936,0.034916144,1.5263543,8.397971,0.031272322,0.016269328,0.11696895,0.058263864,3.1681678,19.193512,4.4606953,0.07012968,0.042894814,0.036990296,0.021188678,0.027671214
R4500m3000m.235,d__Bacteria;p__Proteobacteria;c__Gammaproteobacteria;o__UBA6522;f__UBA6522;g__;s__,56.63,1.94,1270444,3HP bi-cycle,"OC6,3000m",no,2.958712,0.030031806,3.764412,1.0709702,1.9693778,0.00342147,1.224961,0.03361444,5.102315,1.7945983,0.78014857,0.003014446,3.6479027,0.019394908,6.7293234,3.2859504,0.40044188,0.005203331,2.8228302,0.032170534,8.020185,7.2730994,1.9633563,0.87620956,0.008144595,0.021337934,0.19663872,0.003920588
R4500m3000m.278,d__Bacteria;p__Proteobacteria;c__Alphaproteobacteria;o__UBA828;f__UBA828;g__PTKB01;s__,75.24,3.26,2930401,3HP bi-cycle,"OC6,3000m",no,0.31517863,0.015646072,4.68696,3.8604314,0.05835458,0.009679494,0.153145,0.016946232,1.8362644,3.134132,0.028448373,0.005142632,0.3035498,0.013905642,3.749835,4.8999815,0.02851137,0.003825742,0.205848,0.030850807,4.6540647,8.601793,5.268325,0.048119854,0.0166074,0.011280049,0.013058561,0.007720888
R4500m3000m.303,d__Bacteria;p__SAR324;c__SAR324;o__SAR324;f__NAC60-12;g__Arctic96AD-7;s__Arctic96AD-7 sp016764995,71.66,0.33,2126639,"3HP bicycle, CBB","OC6,3000m",no,1.0844434,0.6079294,5.194965,89.19057,0.5954758,0.12015264,0.9076017,0.6653699,2.398079,73.51704,0.6580026,0.07188163,0.97441995,0.34735578,2.6269312,44.74396,0.36595112,0.0377811,0.8839835,0.6804286,4.5142317,75.3996,412.2317,0.57950366,0.121464945,0.3803446,0.2987126,0.2760855
R4500m3000m.336,d__Archaea;p__Thermoplasmatota;c__Poseidoniia;o__Poseidoniales;f__Thalassarchaeaceae;g__MGIIb-O3;s__,71.4,0.96,1351565,3HP/4HB,"OC6,3000m",no,7.7569003,0.87973934,17.68533,2.188902,5.0670094,0.01673154,6.3849607,1.1272914,10.176443,5.9079113,5.2596097,0.015754431,6.9805417,0.5822043,9.107752,4.892121,3.2411828,0.016021818,7.4184284,0.46332866,17.23091,10.76401,1.2047328,5.826748,0.03325146,1.1586375,2.4092715,0.1105041
R4500m3000m.66,d__Bacteria;p__Desulfobacterota_B;c__Binatia;o__UBA1149;f__UBA1149;g__;s__,92.44,2.52,2035616,3HP bi-cycle,"OC6,3000m",no,0.14961715,0.072014414,2.5643864,2.4534566,0.063483536,0.022816831,0.09455828,0.055529363,3.2942123,5.0296845,0.047318596,0.01970107,0.13508554,0.0353047,4.957271,6.8269463,0.03444114,0.011114608,0.11881885,0.06051319,7.7464395,12.73771,4.363191,0.060959365,0.032310527,0.050095387,0.034756288,0.029740693
R4500m4000m.110,d__Archaea;p__Thermoplasmatota;c__Poseidoniia;o__Poseidoniales;f__Poseidoniaceae;g__MGIIa-L1;s__,70.45,2.11,1561276,3HP/4HB,"OC6,4000m",no,0.09366842,0.1719699,0.6521058,44.371433,0.037458956,0.027650075,0.14617385,0.07344044,0.07646149,13.078945,0.059616406,0.046402585,0.04994906,0.065731935,0.027796285,0.88186413,0.014209928,0.01918781,0.035799887,0.035734456,0.040733702,0.2779188,8.2280445,0.010029202,0.03203109,0.09608526,0.18023455,0.2680872
R4500m4000m.155,d__Bacteria;p__Proteobacteria;c__Gammaproteobacteria;o__UBA6522;f__UBA6522;g__UBA6522;s__UBA6522 sp002311835,71.8,0.7,1864475,3HP bi-cycle,"OC6,4000m",no,2.0389745,0.35854706,2.4776804,1.7498411,4.1086063,0.009065193,1.2515103,0.47421154,2.3642128,2.1988451,1.4498303,0.006427471,2.3878307,0.05643816,3.6916962,3.6652613,1.5632935,0.007121462,2.2796226,0.09796605,5.349716,4.5121965,8.162853,5.0646224,0.020281205,0.93874943,0.4219107,0.01733091
R4500m4000m.170,d__Bacteria;p__Planctomycetota;c__UBA1135;o__UBA1135;f__UBA1135;g__NORP165;s__NORP165 sp002400895,89.05,1.08,2332523,3HP/4HB,"OC6,4000m",no,0.054774236,0.008153125,0.12134043,0.45430446,0.26863727,0.003830559,0.03651747,0.01078212,0.058985617,0.40175432,0.0838976,0.003652841,0.054521665,0.004095384,0.079825856,0.6224656,0.11752432,0.002314706,0.049703155,0.008917836,0.1717492,1.4538308,11.313378,0.23221347,0.009143265,0.00904609,0.02154892,0.00448934
R4500m4000m.174,d__Bacteria;p__Proteobacteria;c__Alphaproteobacteria;o__SHVP01;f__SHVP01;g__;s__,92.61,2.39,2518336,3HP bi-cycle,"OC6,4000m",no,0.038781583,0.011255115,0.79322815,2.4313388,0.026747258,0.012078749,0.020824546,0.012770312,0.44910726,2.3162959,0.014044582,0.008392811,0.03746409,0.009491789,0.7633692,3.268113,0.012855156,0.005544914,0.034679428,0.024512485,1.4330776,5.8030815,19.576004,0.036025736,0.0165535,0.009601447,0.006174045,0.006452992
R4500m4000m.183,d__Bacteria;p__Proteobacteria;c__Alphaproteobacteria;o__JAAXGF01;f__JAAXGF01;g__;s__,84.62,3.77,2745240,3HP bi-cycle,"OC6,4000m",no,0.03349858,0.018070178,0.047516238,0.7053556,0.024362674,0.021035764,0.020039437,0.0163824,0.027208686,0.3824642,0.015452915,0.01767692,0.026404345,0.011463892,0.032703154,0.2822477,0.013833093,0.009585612,0.024267608,0.030956334,0.052491188,0.45040905,16.807135,0.028538113,0.046906114,0.013749911,0.008351622,0.024122782
R4500m4000m.197,d__Bacteria;p__Proteobacteria;c__Alphaproteobacteria;o__UBA11136;f__UBA11136;g__UBA11136;s__,92.84,1.52,1761404,3HP bi-cycle,"OC6,4000m",no,0.178591,0.06216242,0.34249887,1.4040813,0.13008268,0.052530818,0.1044472,0.0634711,0.19213657,1.7046514,0.06581512,0.03222767,0.16232528,0.033006325,0.21479006,1.9578594,0.072332084,0.023520576,0.13253753,0.05843508,0.41001713,2.7301111,14.535576,0.1254934,0.11360392,0.04876385,0.031074034,0.024903327
R4500m4000m.199,d__Bacteria;p__Proteobacteria;c__Alphaproteobacteria;o__UBA7887;f__UBA7887;g__;s__,90.04,2.03,3117276,3HP bi-cycle,"OC6,4000m",no,0.031546947,0.030109625,0.395435,1.9687663,0.024254065,0.025029143,0.01946682,0.02652649,0.18263137,1.216757,0.015084006,0.017208828,0.026210621,0.015799386,0.30119303,1.4882029,0.013791991,0.012148681,0.027714856,0.041481588,0.50874925,2.703086,11.875927,0.026043994,0.05507415,0.01644359,0.008099449,0.018282719
R4500m4000m.208,d__Bacteria;p__Planctomycetota;c__UBA1135;o__UBA1135;f__UBA1135;g__;s__,84.21,2.69,2044780,3HP/4HB,"OC6,4000m",no,0.7378357,0.030450607,2.4244425,3.0598967,0.710841,0.006603982,0.42537376,0.061363567,1.3631759,1.992767,0.27560267,0.007203386,0.6483313,0.03197522,1.6285776,1.4368061,0.38610378,0.005742026,0.55011845,0.029792467,2.6114635,1.8677608,9.712072,1.069347,0.007725981,0.08325736,0.08873432,0.006852478
R4500m4000m.209,d__Bacteria;p__Gemmatimonadota;c__Gemmatimonadetes;o__Longimicrobiales;f__UBA6960;g__UBA822;s__,97.74,3.3,3344076,3HP bi-cycle,"OC6,4000m",no,2.3797479,0.02902878,6.1414957,5.5680313,1.3588881,0.004746165,1.1140975,0.04583374,5.6164393,5.1775017,0.31399116,0.002269905,3.2355955,0.013604045,9.054847,8.705353,0.2395139,0.001562747,2.1419346,0.05080557,11.029901,15.457863,18.741438,0.6156267,0.006794028,0.027901068,0.106558226,0.006295035
R4500m4000m.214,d__Bacteria;p__Proteobacteria;c__Gammaproteobacteria;o__UBA4486;f__UBA4486;g__SMWN01;s__,60.49,2.01,1099597,"3HP bicycle, CBB","OC6,4000m",no,0.011826699,0.015398274,0.11924717,1.9929261,0.014989463,0.025658019,0.01155063,0.019810561,0.06722412,1.4582314,0.012273987,0.018610096,0.012998306,0.010758976,0.056094814,0.8587241,0.007352849,0.012829009,0.008786097,0.013544671,0.11379698,1.2369322,6.8041954,0.014326706,0.020445423,0.012747248,0.0091699,0.011728583
R4500m4000m.252,d__Bacteria;p__Planctomycetota;c__GCA-002687715;o__GCA-002687715;f__;g__;s__,80.13,1.34,2826738,3HP/4HB,"OC6,4000m",no,0.9829949,0.15385833,1.5150362,2.5364933,0.6549977,0.001325369,0.7387251,0.096661925,0.63249856,1.5886178,0.5445054,0.000982589,0.88506037,0.03420501,0.630002,0.93515986,0.32719502,0.000607707,0.83281565,0.013835941,0.9634483,1.7933908,7.841521,0.59402853,0.001558933,0.1172557,0.19473778,0.0382372
R4500m4000m.257,d__Bacteria;p__UBA8248;c__UBA8248;o__JACPRG01;f__JACPRG01;g__;s__,91.03,2.61,3546689,3HP bi-cycle,"OC6,4000m",no,0.7530419,0.006304598,1.1746821,0.77923805,1.6031214,0.003305532,0.357927,0.005052907,1.3322951,1.2172419,0.30591434,0.002667352,0.8095178,0.0024732,2.380346,2.4263873,0.65732807,0.001843726,0.7343699,0.006695516,3.8761804,5.1831727,10.428329,2.3276393,0.006121183,0.004127707,0.09552523,0.002389038
R4500m4000m.267,d__Bacteria;p__Proteobacteria;c__Gammaproteobacteria;o__Arenicellales;f__UBA868;g__UBA11791;s__UBA11791 sp002714255,92.07,1.22,2789625,"3HP bicycle, CBB","OC6,4000m",no,16.021015,9.89837,25.376925,15.677345,16.51462,0.10386215,9.995915,10.701804,19.239138,23.284626,8.745983,0.044705417,14.10269,6.1952357,23.775738,21.015265,9.070388,0.024086615,13.999345,10.84294,38.825134,38.746475,63.08761,22.742334,0.088033795,8.946849,3.8376245,1.2999811
R4500m4000m.306,d__Bacteria;p__Desulfobacterota_B;c__Binatia;o__UBA1149;f__UBA1149;g__;s__,94.12,2.57,2006694,3HP bi-cycle,"OC6,4000m",no,0.19705448,0.16986375,1.5292294,1.6987935,0.1670988,0.0939384,0.12460024,0.13905837,0.6307038,2.1493888,0.12736067,0.05395735,0.16479962,0.086823516,0.8065652,2.335772,0.085110046,0.038504973,0.14669873,0.1983338,1.2783962,4.3233266,20.847345,0.16467714,0.14277892,0.091095656,0.07316943,0.06334532
R4500m4000m.318,d__Bacteria;p__Proteobacteria;c__Gammaproteobacteria;o__PS1;f__Thioglobaceae;g__DUCF01;s__,81.08,0.66,1210812,CBB,"OC6,4000m","Jaffe et al., 2024",0.42106244,0.17717957,2.1888585,47.88837,0.13100605,0.054858256,0.58809966,0.069772884,0.67011786,43.73904,0.1053097,0.04558505,0.27298883,0.052446682,0.2864102,2.7926655,0.04971882,0.018883044,0.15217178,0.03968161,0.41657847,1.123288,17.669258,0.06099658,0.024153065,0.10198574,0.15501326,0.08156535
R4500m4000m.328,d__Bacteria;p__UBA8248;c__UBA8248;o__UBA8248;f__UBA8248;g__;s__,96.58,0.85,4178297,3HP bi-cycle,"OC6,4000m",no,1.0475472,0.030409858,2.4251738,1.7866286,0.15550491,0.01326522,0.578363,0.02751419,2.832388,3.3642595,0.114661425,0.012748708,1.0195107,0.015260876,4.0401483,4.5792704,0.08479891,0.005041084,1.096943,0.027374623,6.861328,10.008024,18.428766,0.39520097,0.014547031,0.020307057,0.030639958,0.014414021
R4500m4000m.6,d__Bacteria;p__Proteobacteria;c__Gammaproteobacteria;o__Pseudomonadales;f__Pseudomonadaceae;g__Pseudomonas_E;s__,99.92,0.51,5049508,3HP bi-cycle,"OC6,4000m",no,0.3307771,0.03348457,0.012595487,1.311846,0.66691566,0.09600536,0.00461088,0.005055835,0.009145849,1.8362614,0.015889935,0.00645214,0.009785633,0.004521691,0.010250011,9.896002,0.02878252,0.004788069,4.178827,0.061800536,0.42234758,0.025403244,59.374176,0.007835958,1.7834193,0.004213492,0.9716091,0.011555146
R4500m4000m.69,d__Archaea;p__Thermoplasmatota;c__Poseidoniia;o__Poseidoniales;f__Thalassarchaeaceae;g__MGIIb-Q1;s__MGIIb-Q1 sp002505495,61.83,0.18,1264534,3HP/4HB,"OC6,4000m",no,0.009416202,0.005604406,0.34810793,0.49204156,0.006698965,0.004823055,0.005954265,0.007762702,0.08486244,0.4457219,0.004672282,0.00374349,0.011945182,0.006356603,0.11869379,0.4150401,0.003648528,0.001727637,0.009054681,0.010900604,0.30455634,1.0164875,7.997611,0.00714795,0.006055058,0.007802686,0.002780545,0.003730995
R4500m4000m.77,d__Bacteria;p__Proteobacteria;c__Alphaproteobacteria;o__Rhodospirillales;f__UBA2165;g__;s__,97.64,0.67,3580336,3HP bi-cycle,"OC6,4000m",no,0.07597442,0.05647025,1.800432,16.709026,0.041958977,0.028095853,0.06806613,0.05172685,0.55472314,9.505786,0.03227117,0.01629727,0.055769097,0.031077497,0.5908113,5.4856853,0.025017789,0.01213633,0.05153035,0.06301458,1.6272795,9.750936,24.59779,0.045313045,0.03840305,0.03254351,0.021144414,0.023943372
R4500m4000m.82,d__Bacteria;p__Proteobacteria;c__Alphaproteobacteria;o__GCA-2731375;f__GCA-2731375;g__GCA-2731375;s__,79.72,2.5,4073362,3HP bi-cycle,"OC6,4000m",no,0.027691724,0.02338024,0.05904035,1.5685022,0.028386608,0.011334668,0.021612741,0.023393257,0.024773262,0.80206174,0.017034918,0.005757824,0.026557282,0.016769832,0.026799088,0.4427687,0.01769776,0.003300699,0.028563082,0.03929448,0.046339445,0.75503266,14.3910675,0.032396458,0.015523996,0.011316896,0.010099847,0.009187186
R4500m500m.131,d__Bacteria;p__Proteobacteria;c__Alphaproteobacteria;o__MPNO01;f__MPNO01;g__;s__,91.36,2.07,3787688,3HP bi-cycle,"OC6,500m",no,4.150171,5.1379957,1.2948201,0.22430514,8.20275,0.020240186,2.3249843,8.095939,0.76391697,0.21766582,2.8081608,0.006256211,3.9563637,3.0863411,0.95625484,0.29290953,5.113468,0.005005132,3.910111,3.604924,1.4719688,0.6971959,0.585248,11.004318,0.017619878,3.4233742,1.1123865,0.55037606
R4500m500m.132,d__Bacteria;p__Proteobacteria;c__Alphaproteobacteria;o__Rhodospirillales;f__Casp-alpha2;g__TMED8;s__,55.89,0.75,1622620,3HP bi-cycle,"OC6,500m",no,0.53195214,6.0481343,0.009400844,0.008242642,4.674357,0.016551914,0.4333292,3.5986269,0.00957722,0.009710482,3.401556,0.005410825,0.5242308,2.350277,0.008337362,0.007383625,2.8417299,0.00262539,0.5809801,4.7439895,0.012338486,0.0114455,0.028646085,6.4912114,0.012083067,2.3303328,1.6216668,0.86154413
R4500m500m.143,d__Bacteria;p__Proteobacteria;c__Gammaproteobacteria;o__UBA6522;f__UBA6522;g__;s__,73.4,3.51,1695705,3HP bi-cycle,"OC6,500m",no,4.608286,1.4936428,2.2340777,0.04859103,13.517966,0.014209378,2.076499,2.315399,2.6318977,0.10752578,3.4487822,0.01212553,5.2032228,0.35104054,2.829387,0.11137255,4.661802,0.008994279,3.9756083,0.43480062,3.1343029,0.24597678,0.05524326,11.137222,0.010181134,2.009164,1.7440132,0.08068057
R4500m500m.275,d__Archaea;p__Halobacteriota;c__Halobacteria;o__Halobacteriales;f__UBA12382;g__UBA12382;s__,55.09,2.34,778693,DC/4HB,"OC6,500m",no,0.7017759,0.70037115,0.5800259,0.20779282,3.9989188,0.003821346,0.39837465,1.0386622,0.49182355,0.37583956,1.7461702,0.001744764,0.83362186,0.17827328,0.48369128,0.62994003,3.305852,0.001796441,0.8310326,0.21112189,1.1049646,1.9500111,1.951469,8.08781,0.002975482,1.4692653,0.8875368,0.057067245
R4500m500m.91,d__Bacteria;p__Myxococcota_A;c__UBA9160;o__UBA9160;f__SMWR01;g__JABSQX01;s__,85.54,1.61,3815299,3HP bi-cycle,"OC6,500m",no,1.338897,3.1178544,1.2277442,0.17363448,5.330712,0.038053047,0.739067,2.4044461,0.8755559,0.40572074,2.866018,0.029475607,1.714555,0.322735,1.3448375,0.49835065,3.068144,0.013243584,1.5459043,0.13360488,1.6996107,1.0495535,0.07116065,10.116002,0.06091365,3.2550821,1.3250546,0.25480518
R4500m50m.1,d__Archaea;p__Thermoplasmatota;c__Poseidoniia;o__Poseidoniales;f__Poseidoniaceae;g__MGIIa-L1;s__,79.21,4.18,1851414,3HP/4HB,"OC6,50m",no,0.003346694,0.018702045,0.005587239,0.004424039,0.007221812,0.7751933,0.006665138,0.014518956,0.006962031,0.007430081,0.007473839,7.7611337,0.007209072,0.01236205,0.005611057,0.009615789,0.004877687,7.5673714,0.009115059,0.021948483,0.008666396,0.010269397,0.047464114,0.007780702,25.7762,0.015057906,0.008526258,0.071629874
R4500m50m.100,d__Archaea;p__Thermoplasmatota;c__Poseidoniia;o__Poseidoniales;f__Poseidoniaceae;g__MGIIa-K1;s__MGIIa-K1 sp902605365,78.65,0,1778383,3HP/4HB,"OC6,50m",no,0.00342991,0.023738816,0.004047907,0.009677514,0.006828024,6.1259284,0.004051375,0.014627846,0.002347693,0.004971722,0.005797259,5.363594,0.004593062,0.017268062,0.005009877,0.008583736,0.003070905,7.9245667,0.009043909,0.037134714,0.00873809,0.010660875,0.049460538,0.007133843,19.00146,0.011714187,0.006349351,0.08011294
R4500m50m.189,d__Archaea;p__Thermoplasmatota;c__Poseidoniia;o__Poseidoniales;f__Thalassarchaeaceae;g__MGIIb-O5;s__MGIIb-O5 sp002498925,75.6,0,1259952,3HP/4HB,"OC6,50m",no,0.02269424,0.16215436,0.019896835,0.007723045,0.024945594,5.113272,0.019469108,0.1187622,0.017526355,0.014303623,0.023513714,3.09441,0.023229096,1.6276653,0.031366274,0.052461542,0.011586166,6.8122716,0.07949299,34.171223,0.09753502,0.12118065,0.3324539,0.05648616,14.395116,0.02927082,0.012509574,0.40246737
R4500m50m.211,d__Archaea;p__Thermoplasmatota;c__Poseidoniia;o__Poseidoniales;f__Poseidoniaceae;g__Poseidonia;s__,79.14,2.44,1966416,3HP/4HB,"OC6,50m",no,0.002752052,0.007528983,0.002287844,0.002821035,0.003713662,1.9141439,0.002086601,0.00664621,0.003335035,0.003639493,0.003172691,5.6882315,0.00323182,0.006418515,0.004759815,0.014367101,0.001914403,15.023912,0.005382735,0.016095303,0.006238537,0.005296636,0.03947633,0.007677322,29.53543,0.004803902,0.003035763,0.14566995
R4500m50m.265,d__Archaea;p__Thermoplasmatota;c__Poseidoniia;o__Poseidoniales;f__Thalassarchaeaceae;g__MGIIb-O5;s__,69.16,2,1251903,3HP/4HB,"OC6,50m",no,0.004353846,0.021974454,0.005657354,0.005283778,0.007953323,0.970833,0.006717957,0.025302969,0.005553137,0.006575261,0.005739124,2.6756284,0.005850555,0.030375108,0.00823551,0.01918546,0.005501831,9.068452,0.05623283,0.24213988,0.061644875,0.054435495,0.1344874,0.021242533,31.345745,0.010044869,0.004632024,0.057933163
R4500m50m.81,d__Archaea;p__Thermoplasmatota;c__Poseidoniia;o__Poseidoniales;f__Poseidoniaceae;g__MGIIa-L1;s__,85.2,4.74,2001800,3HP/4HB,"OC6,50m",no,0.00264926,0.022816604,0.003983971,0.004774314,0.006484538,0.7087885,0.003970866,0.012739233,0.003484463,0.004678546,0.006666499,1.4966944,0.003883666,0.012653041,0.004659392,0.010772953,0.003580232,6.1483927,0.008187707,0.027928123,0.006622647,0.010511857,0.02800373,0.010768416,20.27819,0.010937776,0.006405907,0.050314777
R500m150m.100,d__Archaea;p__Thermoplasmatota;c__Poseidoniia;o__Poseidoniales;f__Thalassarchaeaceae;g__Thalassarchaeum;s__,52.89,0.18,876146,3HP/4HB,"OC2,150m",no,24.122341,38.10004,6.3959637,0.5747336,110.5991,0.01998837,26.884861,47.88642,3.7582178,1.0002837,46.85445,0.016442802,21.273941,29.900917,2.7521327,0.6718134,81.824844,0.0132736,21.263546,21.344,3.996241,1.0719291,0.79644644,177.57274,0.060631074,56.512096,36.73833,4.011163
R500m150m.124,d__Archaea;p__Thermoplasmatota;c__Poseidoniia;o__Poseidoniales;f__Thalassarchaeaceae;g__MGIIb-O3;s__,70.48,0.48,1289673,3HP/4HB,"OC2,150m",no,19.520288,7.5705724,2.3579352,0.24916655,30.921783,0.007241411,17.499914,14.744458,1.25636,0.51345414,36.328766,0.008345088,17.028357,5.604959,1.0427632,0.41940603,19.189468,0.007722602,19.1123,1.8386214,1.8352028,0.78780115,0.18241134,36.069763,0.020759497,17.42656,17.793184,0.40909773
R500m150m.185,d__Archaea;p__Thermoplasmatota;c__Poseidoniia;o__Poseidoniales;f__Thalassarchaeaceae;g__MGIIb-P;s__,65.28,2.8,1241371,3HP/4HB,"OC2,150m",no,1.67559,1.4344796,1.6474042,0.030783506,4.4927235,0.018794991,1.518363,2.1288562,0.8601699,0.096995845,6.0336328,0.007164843,1.5322688,0.71659875,0.61195016,0.13303122,2.3493705,0.007264951,1.4316286,0.7413144,0.90665853,0.31790388,0.012400723,6.706199,0.008960051,10.466485,2.747441,0.07958806
R500m150m.207,d__Archaea;p__Thermoplasmatota;c__Poseidoniia;o__Poseidoniales;f__Poseidoniaceae;g__MGIIa-L1;s__,59.03,0,1086583,3HP/4HB,"OC2,150m",no,0.19507411,13.6529665,0.2874596,1.350355,0.49559617,0.071833305,0.39825737,3.9819534,0.05291645,0.32753843,0.7959282,0.09653608,0.13011888,2.6150308,0.029465992,0.0266343,0.09552303,0.06868613,0.08724793,0.71147233,0.030848552,0.030363258,0.051840696,0.052827686,0.23952153,8.238635,5.7365165,12.221071
R500m150m.28,d__Bacteria;p__Chloroflexota;c__Dehalococcoidia;o__UBA2979;f__UBA2979;g__UBA2979;s__,85.15,1.49,1776300,3HP bi-cycle,"OC2,150m",no,0.40981704,20.664461,0.011723108,0.003100388,5.3265953,0.07611949,0.4614488,17.27068,0.007158409,0.003228494,2.9992158,0.012130978,0.31288123,1.450276,0.007086601,0.002682177,2.6239173,0.007453684,0.2996714,1.2259537,0.006890708,0.00391383,0.007625449,5.078826,0.007740342,12.067945,3.381362,2.0086215
R500m150m.5,d__Bacteria;p__SAR324;c__SAR324;o__SAR324;f__NAC60-12;g__Arctic96AD-7;s__Arctic96AD-7 sp002685535,84.26,1.01,2237565,3HP bi-cycle,"OC2,150m",no,0.7598387,276.3774,0.58929133,0.37908602,3.8259633,14.634531,0.72577816,243.06007,0.5777539,0.577753,6.0097365,4.3374743,0.7326474,110.09972,0.5401364,0.36806703,2.6406007,0.8425075,0.6441399,299.6551,0.6761226,0.5888523,1.1998174,4.375718,1.4928421,94.69765,9.311901,114.69381
R500m150m.95,d__Bacteria;p__Actinobacteriota;c__Acidimicrobiia;o__Acidimicrobiales;f__MedAcidi-G1;g__UBA9410;s__,54.81,2.31,1366362,3HP bi-cycle,"OC2,150m",no,132.83173,15.586593,12.671012,1.9701779,119.05545,0.021309769,103.28146,6.56072,8.656049,2.1631916,67.05051,0.003502304,139.39275,0.9605245,9.920639,1.8104223,29.097971,0.002645614,110.19157,0.8175173,9.674522,2.114974,1.1679907,66.04564,0.014715594,15.892225,35.09532,1.0211104
R500m500m.107,d__Archaea;p__Thermoproteota;c__Nitrososphaeria;o__Nitrososphaerales;f__Nitrosopumilaceae;g__Nitrosopelagicus;s__Nitrosopelagicus sp018691945,77.45,3.23,798507,3HP/4HB,"OC2,500m",no,0.30211928,630.1199,0.40147272,0.19203423,14.86321,7.746477,0.69490474,440.2663,0.4102764,0.28272372,4.342555,1.3346195,0.48958346,190.54715,0.47081155,0.20234662,7.579916,0.31235015,0.32696477,146.90712,0.35233426,0.24771853,0.2853542,8.472133,0.21753053,231.16357,22.038445,256.91568
R500m500m.91,d__Bacteria;p__Actinobacteriota;c__Acidimicrobiia;o__Acidimicrobiales;f__MedAcidi-G1;g__MedAcidi-G2B;s__MedAcidi-G2B sp012959995,65.99,0.43,1314614,"3HP bicycle, CBB","OC2,500m","Jaffe et al., 2024",0.36760962,0.59383804,0.051914975,0.006631606,3.9646387,0.014112438,0.6607552,0.023123153,0.011417653,0.006642738,0.39183962,0.0151859,0.41961443,0.006440768,0.007689959,0.004224667,0.90137357,0.011258622,0.3632434,0.012212809,0.005629709,0.003773813,0.004255678,0.51918,0.031438105,0.25503373,8.01972,0.2733263
R500m500m.98,d__Archaea;p__Thermoproteota;c__Nitrososphaeria;o__Nitrososphaerales;f__Nitrosopumilaceae;g__Nitrosopelagicus;s__,70.55,0,553418,3HP/4HB,"OC2,500m",no,0.82058114,119.276085,0.7987605,0.36786503,44.979485,0.8804077,1.0447971,99.111626,0.90074253,0.61198264,13.740278,0.21281624,1.0013697,68.23327,0.8701564,0.5207515,23.468885,0.06962623,0.6851796,50.858173,1.0009623,0.7481713,0.40332332,26.721874,0.06506006,72.49915,23.536459,31.160744
R500m50m.106,d__Archaea;p__Thermoplasmatota;c__Poseidoniia;o__Poseidoniales;f__Thalassarchaeaceae;g__MGIIb-O2;s__MGIIb-O2 sp002685315,69.17,3.4,1052227,3HP/4HB,"OC2,50m",no,0.006128728,0.20849533,0.01369628,0.011482176,0.009897312,23.97469,0.020801215,0.10055701,0.019566255,0.04642563,0.012034967,75.37145,0.00894659,0.1948814,0.058623295,0.13874467,0.005435779,47.518948,0.07369273,0.28637224,0.14396091,0.13494374,0.33215687,0.029435143,19.447582,0.048643652,0.108251,19.096975
R500m50m.112,d__Bacteria;p__Actinobacteriota;c__Acidimicrobiia;o__Acidimicrobiales;f__MedAcidi-G1;g__UBA9410;s__,77.11,3.92,1835111,3HP bi-cycle,"OC2,50m",no,1.2654577,69.50189,1.2216395,1.173667,3.811297,0.3379506,1.1197448,34.867138,0.73211753,0.8967712,2.0977974,0.044335645,1.3617593,6.3010945,0.84184396,0.67264557,1.1699548,0.016619038,1.0894539,17.648607,1.0101362,0.8559814,1.1076496,2.3961146,0.030288095,22.3749,2.9190545,11.508005
R500m50m.134,d__Archaea;p__Thermoplasmatota;c__Poseidoniia;o__Poseidoniales;f__Poseidoniaceae;g__MGIIa-K2;s__,82.53,3.32,1763546,3HP/4HB,"OC2,50m",no,1.1773785,19.194244,1.2196814,0.23138203,0.95275795,0.1208068,1.1130636,6.725022,0.62359697,0.31607276,1.3379073,0.06121484,0.8038021,5.007987,0.39084935,0.09282304,0.5064007,0.018147066,0.782855,3.5285683,0.540643,0.13907528,0.08592741,0.5882741,0.020580512,4.9294844,1.2977395,11.313676
R500m50m.143,d__Bacteria;p__Proteobacteria;c__Gammaproteobacteria;o__Enterobacterales;f__Alteromonadaceae;g__Aliiglaciecola;s__,89.17,3.62,4071344,CBB,"OC2,50m",no,0.087151416,0.1705752,0.15000448,0.05956438,0.093070835,0.35447907,0.021042928,0.06999811,0.06720563,0.03717109,0.05259057,0.10996867,0.047845285,0.008085454,0.004172589,0.003136941,0.003740632,0.011890079,0.003460409,0.00782048,0.005765182,0.004454061,0.005324476,0.004395317,0.023201715,4.0824537,0.79121083,10.582834
R500m50m.157,d__Bacteria;p__Proteobacteria;c__Gammaproteobacteria;o__PS1;f__Thioglobaceae;g__Pseudothioglobus;s__Pseudothioglobus sp002711905,63.66,1.07,1150772,CBB,"OC2,50m",no,1.2099643,88.38253,0.78452694,3.4889753,3.4001338,2.7349372,1.6604592,28.684437,0.51199925,1.8978078,3.2085898,1.9521296,1.0346446,6.0127296,0.37998542,0.45788243,2.1089766,0.2794707,0.88274515,2.7509105,0.4474938,0.4922464,0.43384835,2.621734,0.17863175,34.127907,7.3033953,35.084053
R500m50m.158,d__Bacteria;p__Proteobacteria;c__Alphaproteobacteria;o__Rhodobacterales;f__Rhodobacteraceae;g__CPC320;s__CPC320 sp002684375,90.32,2.13,3441175,3HP bi-cycle,"OC2,50m",no,0.04796317,3.5197196,0.016405312,0.018590227,0.021151543,2.651454,0.013982859,1.2821583,0.01887455,0.017969092,0.014984892,1.0392808,0.009373993,0.561107,0.01416671,0.00878525,0.006986031,0.9407346,0.010852597,1.0441866,0.016404413,0.019294739,0.026783735,0.012170444,7.1552124,0.37732488,0.10816637,11.342843
R500m50m.165,d__Bacteria;p__Myxococcota_A;c__UBA9160;o__UBA9160;f__UBA4427;g__UBA4427;s__,56.25,2.6,3889992,3HP bi-cycle,"OC2,50m",no,0.0309729,5.531113,0.046388607,0.043514047,0.17532898,0.12162052,0.027579201,2.2648442,0.018348224,0.026067778,0.1026397,0.018510114,0.037667245,1.7145351,0.025575306,0.018955788,0.092181355,0.01727676,0.02790543,1.5444674,0.03314222,0.035812177,0.0262966,0.17859672,0.048231702,1.2619044,0.36039883,7.33111
R500m50m.206,d__Bacteria;p__Proteobacteria;c__Alphaproteobacteria;o__Rhodobacterales;f__Rhodobacteraceae;g__GCA-002712045;s__GCA-002712045 sp002683355,80.71,1.42,2086089,3HP bi-cycle,"OC2,50m",no,0.05124854,2.5031905,0.061672796,0.033285,0.060529906,160.65932,0.06407248,1.3649688,0.09176909,0.080898486,0.04945973,115.035095,0.056666564,1.526442,0.05038115,0.07912574,0.029131066,23.816298,0.030378122,2.1064894,0.13965954,0.047904074,0.10499801,0.030691104,15.265629,0.28380498,0.12855236,18.875834
R500m50m.230,d__Bacteria;p__Proteobacteria;c__Alphaproteobacteria;o__Rhodobacterales;f__Rhodobacteraceae;g__CABZJG01;s__CABZJG01 sp902512685,66.51,1.11,1964478,3HP bi-cycle,"OC2,50m",no,0.012206155,6.005674,0.007926906,0.013229825,0.017466933,0.59220016,0.008077869,0.7512376,0.00774287,0.007852758,0.010517287,0.40499288,0.008569167,0.1169496,0.006111613,0.006254041,0.005200498,0.15477738,0.006837623,0.12846336,0.008295513,0.009144748,0.015294768,0.006689861,0.2934977,0.9634573,0.093398795,8.4534025
R500m50m.275,d__Bacteria;p__Proteobacteria;c__Gammaproteobacteria;o__PS1;f__Thioglobaceae;g__Pseudothioglobus;s__Pseudothioglobus sp902509905,59.91,2.51,1077498,CBB,"OC2,50m",no,0.18979536,25.142365,0.118242316,0.14202072,0.1984489,50.024902,0.16499437,6.8898635,0.11805683,0.1427608,0.2272147,35.248314,0.11908798,3.4785569,0.0656182,0.05121722,0.09614953,6.4060354,0.092432044,5.0836987,0.10737238,0.06440916,0.0845633,0.149157,4.9606104,3.1740532,0.70417064,89.537285
R500m50m.289,d__Bacteria;p__Proteobacteria;c__Alphaproteobacteria;o__Rhodobacterales;f__Rhodobacteraceae;g__LGRT01;s__LGRT01 sp001642945,86.29,2.17,2439595,3HP bi-cycle,"OC2,50m",no,0.93092537,0.72412395,0.15365274,0.26391473,0.47577992,0.93294734,0.053765044,0.10902221,0.17968634,0.10505469,0.048209265,0.4593544,0.021857006,0.032690205,0.023040121,0.016904542,0.010473394,0.5795335,0.019306041,0.07178595,0.028884752,0.039403066,0.031673767,0.01955333,5.213136,0.14449638,0.10436279,11.393912
R500m50m.36,d__Archaea;p__Thermoplasmatota;c__Poseidoniia;o__Poseidoniales;f__Thalassarchaeaceae;g__MGIIb-O5;s__,83.2,0,1365465,3HP/4HB,"OC2,50m",no,0.20784473,80.523346,0.33534628,0.29290938,0.18821852,2.56882,0.20030798,51.142605,0.18656513,0.32259884,0.18717226,0.8540143,0.16876103,98.20357,0.16080208,0.19478196,0.11050128,0.17742878,0.19019537,179.02596,0.31017414,0.34854463,0.5996272,0.34328902,0.26915485,9.651123,0.50585353,64.44318
R500m50m.94,d__Bacteria;p__Actinobacteriota;c__Acidimicrobiia;o__Acidimicrobiales;f__MedAcidi-G1;g__UBA9410;s__,95.73,4.99,2045840,3HP bi-cycle,"OC2,50m",no,11.520745,295.89597,3.4062495,1.522549,384.05066,0.36476645,11.011591,218.69225,1.9434211,1.3606076,243.06015,0.03396535,11.635274,92.685455,2.2678852,1.0958337,99.40259,0.022897707,9.960955,132.46246,2.775047,1.5043994,0.7951138,244.80211,0.07273087,193.51222,170.59856,25.43263